"Time.to.resolution","weekday","DEPARTMENT"
195,"Monday","GROUNDS"
92,"Saturday","GROUNDS"
5,"Wednesday","GROUNDS"
218,"Wednesday","GROUNDS"
106,"Monday","GROUNDS"
105,"Tuesday","GROUNDS"
99,"Wednesday","GROUNDS"
0,"Wednesday","SANITATION"
1,"Wednesday","SANITATION"
62,"Monday","GROUNDS"
3,"Tuesday","SANITATION"
300,"Tuesday","GROUNDS"
243,"Tuesday","GROUNDS"
233,"Friday","GROUNDS"
220,"Thursday","GROUNDS"
158,"Wednesday","GROUNDS"
143,"Friday","GROUNDS"
48,"Tuesday","GROUNDS"
2,"Friday","SANITATION"
59,"Monday","GROUNDS"
0,"Monday","SANITATION"
3,"Monday","SANITATION"
0,"Monday","SANITATION"
2,"Friday","SANITATION"
0,"Tuesday","SANITATION"
2,"Wednesday","GROUNDS"
47,"Wednesday","GROUNDS"
4,"Thursday","SANITATION"
150,"Monday","GROUNDS"
155,"Friday","GROUNDS"
0,"Tuesday","SANITATION"
3,"Thursday","SANITATION"
10,"Monday","SANITATION"
14,"Thursday","SANITATION"
15,"Wednesday","SANITATION"
3,"Thursday","SANITATION"
9,"Monday","SANITATION"
3,"Thursday","SANITATION"
3,"Thursday","SANITATION"
3,"Thursday","SANITATION"
13,"Friday","SANITATION"
15,"Wednesday","SANITATION"
2,"Saturday","SANITATION"
0,"Monday","SANITATION"
0,"Monday","SANITATION"
0,"Monday","SANITATION"
0,"Monday","SANITATION"
0,"Tuesday","SANITATION"
1,"Saturday","SANITATION"
1,"Tuesday","SANITATION"
1,"Tuesday","SANITATION"
0,"Monday","SANITATION"
0,"Wednesday","SANITATION"
0,"Wednesday","SANITATION"
186,"Saturday","GROUNDS"
3,"Friday","SANITATION"
9,"Friday","GROUNDS"
1,"Monday","SANITATION"
0,"Monday","SANITATION"
1,"Tuesday","SANITATION"
1,"Tuesday","SANITATION"
0,"Tuesday","SANITATION"
1,"Wednesday","SANITATION"
4,"Thursday","SANITATION"
1,"Tuesday","SANITATION"
0,"Tuesday","SANITATION"
0,"Tuesday","SANITATION"
1,"Thursday","SANITATION"
3,"Friday","SANITATION"
19,"Friday","GROUNDS"
2,"Friday","SANITATION"
0,"Monday","SANITATION"
76,"Monday","GROUNDS"
1,"Monday","SANITATION"
48,"Monday","GROUNDS"
0,"Monday","SANITATION"
0,"Wednesday","SANITATION"
1,"Thursday","SANITATION"
4,"Friday","SANITATION"
30,"Saturday","GROUNDS"
3,"Saturday","SANITATION"
26,"Saturday","GROUNDS"
141,"Monday","GROUNDS"
1,"Monday","SANITATION"
0,"Monday","SANITATION"
1,"Tuesday","SANITATION"
155,"Tuesday","GROUNDS"
0,"Monday","SANITATION"
0,"Monday","SANITATION"
0,"Monday","SANITATION"
1,"Tuesday","SANITATION"
1,"Tuesday","SANITATION"
4,"Wednesday","SANITATION"
32,"Wednesday","GROUNDS"
3,"Friday","SANITATION"
22,"Saturday","GROUNDS"
65,"Sunday","GROUNDS"
7,"Monday","GROUNDS"
33,"Wednesday","GROUNDS"
0,"Wednesday","SANITATION"
3,"Tuesday","SANITATION"
9,"Monday","SANITATION"
8,"Tuesday","SANITATION"
0,"Wednesday","SANITATION"
3,"Friday","SANITATION"
24,"Friday","GROUNDS"
4,"Friday","GROUNDS"
2,"Friday","SANITATION"
0,"Monday","SANITATION"
4,"Wednesday","SANITATION"
2,"Tuesday","SANITATION"
3,"Thursday","SANITATION"
0,"Thursday","SANITATION"
219,"Friday","GROUNDS"
179,"Thursday","GROUNDS"
1,"Monday","SANITATION"
9,"Monday","GROUNDS"
0,"Monday","SANITATION"
3,"Thursday","SANITATION"
0,"Thursday","GROUNDS"
2,"Friday","SANITATION"
6,"Tuesday","GROUNDS"
0,"Tuesday","SANITATION"
2,"Tuesday","SANITATION"
1,"Sunday","SANITATION"
0,"Monday","SANITATION"
5,"Wednesday","GROUNDS"
2,"Wednesday","SANITATION"
233,"Tuesday","GROUNDS"
185,"Monday","GROUNDS"
11,"Friday","SANITATION"
1,"Monday","SANITATION"
0,"Tuesday","SANITATION"
2,"Friday","SANITATION"
1,"Monday","SANITATION"
0,"Tuesday","SANITATION"
1,"Tuesday","SANITATION"
1,"Wednesday","SANITATION"
0,"Thursday","SANITATION"
0,"Thursday","SANITATION"
3,"Friday","SANITATION"
1,"Tuesday","SANITATION"
3,"Wednesday","SANITATION"
1,"Wednesday","SANITATION"
0,"Thursday","SANITATION"
1,"Friday","SANITATION"
0,"Monday","SANITATION"
0,"Monday","SANITATION"
5,"Tuesday","SANITATION"
0,"Tuesday","SANITATION"
0,"Tuesday","SANITATION"
0,"Wednesday","SANITATION"
0,"Wednesday","SANITATION"
0,"Wednesday","SANITATION"
0,"Thursday","SANITATION"
2,"Friday","SANITATION"
4,"Friday","SANITATION"
1,"Monday","SANITATION"
0,"Wednesday","SANITATION"
5,"Wednesday","SANITATION"
0,"Tuesday","SANITATION"
7,"Thursday","SANITATION"
0,"Thursday","SANITATION"
0,"Monday","SANITATION"
0,"Monday","SANITATION"
0,"Monday","SANITATION"
1,"Tuesday","SANITATION"
0,"Wednesday","SANITATION"
0,"Wednesday","SANITATION"
2,"Friday","SANITATION"
5,"Tuesday","SANITATION"
7,"Wednesday","SANITATION"
3,"Thursday","SANITATION"
0,"Monday","SANITATION"
1,"Tuesday","SANITATION"
1,"Tuesday","SANITATION"
3,"Thursday","SANITATION"
3,"Thursday","SANITATION"
3,"Thursday","SANITATION"
2,"Friday","SANITATION"
2,"Friday","SANITATION"
1,"Tuesday","SANITATION"
0,"Wednesday","SANITATION"
0,"Wednesday","SANITATION"
5,"Thursday","SANITATION"
3,"Thursday","SANITATION"
3,"Thursday","SANITATION"
0,"Tuesday","SANITATION"
0,"Thursday","SANITATION"
1,"Monday","SANITATION"
1,"Wednesday","SANITATION"
1,"Tuesday","SANITATION"
3,"Wednesday","SANITATION"
3,"Thursday","SANITATION"
4,"Thursday","SANITATION"
3,"Thursday","SANITATION"
2,"Thursday","SANITATION"
0,"Monday","SANITATION"
1,"Monday","SANITATION"
0,"Tuesday","SANITATION"
2,"Friday","SANITATION"
1,"Tuesday","SANITATION"
0,"Tuesday","SANITATION"
0,"Tuesday","SANITATION"
1,"Wednesday","SANITATION"
2,"Friday","SANITATION"
1,"Monday","SANITATION"
0,"Thursday","SANITATION"
3,"Thursday","SANITATION"
26,"Friday","SANITATION"
3,"Friday","SANITATION"
0,"Monday","SANITATION"
2,"Friday","SANITATION"
3,"Friday","SANITATION"
2,"Friday","SANITATION"
2,"Friday","SANITATION"
2,"Friday","SANITATION"
1,"Monday","SANITATION"
1,"Monday","SANITATION"
2,"Tuesday","SANITATION"
1,"Tuesday","SANITATION"
1,"Wednesday","SANITATION"
0,"Thursday","SANITATION"
2,"Friday","SANITATION"
6,"Tuesday","SANITATION"
0,"Tuesday","SANITATION"
5,"Wednesday","GROUNDS"
4,"Wednesday","SANITATION"
5,"Thursday","SANITATION"
5,"Thursday","SANITATION"
3,"Friday","SANITATION"
6,"Tuesday","SANITATION"
2,"Tuesday","SANITATION"
12,"Wednesday","SANITATION"
1,"Thursday","SANITATION"
1,"Monday","SANITATION"
1,"Monday","SANITATION"
7,"Monday","SANITATION"
2,"Monday","SANITATION"
1,"Monday","SANITATION"
273,"Tuesday","GROUNDS"
2,"Thursday","SANITATION"
1,"Monday","SANITATION"
0,"Monday","SANITATION"
0,"Monday","SANITATION"
0,"Tuesday","SANITATION"
1,"Tuesday","SANITATION"
1,"Wednesday","SANITATION"
1,"Wednesday","SANITATION"
3,"Thursday","SANITATION"
1,"Wednesday","SANITATION"
0,"Wednesday","SANITATION"
7,"Wednesday","SANITATION"
1,"Thursday","SANITATION"
33,"Tuesday","SANITATION"
1,"Tuesday","SANITATION"
1,"Tuesday","SANITATION"
0,"Wednesday","SANITATION"
4,"Thursday","SANITATION"
4,"Thursday","SANITATION"
3,"Friday","SANITATION"
4,"Saturday","SANITATION"
1,"Tuesday","SANITATION"
1,"Tuesday","SANITATION"
1,"Tuesday","SANITATION"
2,"Friday","SANITATION"
0,"Monday","SANITATION"
0,"Monday","SANITATION"
2,"Friday","SANITATION"
2,"Friday","SANITATION"
1,"Sunday","SANITATION"
0,"Monday","SANITATION"
0,"Wednesday","SANITATION"
4,"Wednesday","SANITATION"
5,"Thursday","SANITATION"
3,"Friday","SANITATION"
2,"Friday","SANITATION"
3,"Friday","SANITATION"
3,"Thursday","SANITATION"
0,"Thursday","SANITATION"
6,"Friday","SANITATION"
3,"Monday","SANITATION"
0,"Monday","GROUNDS"
3,"Monday","SANITATION"
3,"Tuesday","SANITATION"
2,"Tuesday","SANITATION"
1,"Thursday","SANITATION"
4,"Friday","SANITATION"
0,"Monday","SANITATION"
0,"Monday","SANITATION"
1,"Tuesday","SANITATION"
28,"Wednesday","SANITATION"
0,"Wednesday","SANITATION"
0,"Wednesday","SANITATION"
28,"Wednesday","SANITATION"
0,"Wednesday","SANITATION"
27,"Thursday","SANITATION"
26,"Friday","SANITATION"
20,"Thursday","SANITATION"
222,"Friday","GROUNDS"
13,"Thursday","SANITATION"
13,"Friday","SANITATION"
12,"Friday","SANITATION"
10,"Monday","SANITATION"
9,"Monday","SANITATION"
9,"Monday","SANITATION"
9,"Monday","SANITATION"
7,"Wednesday","SANITATION"
7,"Wednesday","SANITATION"
6,"Thursday","SANITATION"
6,"Thursday","SANITATION"
6,"Friday","SANITATION"
5,"Friday","SANITATION"
2,"Tuesday","SANITATION"
2,"Wednesday","SANITATION"
1,"Wednesday","SANITATION"
4,"Thursday","SANITATION"
3,"Friday","SANITATION"
3,"Monday","SANITATION"
3,"Tuesday","SANITATION"
2,"Tuesday","SANITATION"
2,"Wednesday","SANITATION"
224,"Wednesday","GROUNDS"
1,"Wednesday","SANITATION"
13,"Thursday","SANITATION"
18,"Thursday","SANITATION"
13,"Thursday","SANITATION"
12,"Friday","SANITATION"
8,"Tuesday","SANITATION"
8,"Tuesday","SANITATION"
7,"Wednesday","SANITATION"
7,"Wednesday","SANITATION"
6,"Thursday","SANITATION"
6,"Thursday","SANITATION"
2,"Monday","SANITATION"
2,"Monday","SANITATION"
6,"Friday","SANITATION"
6,"Friday","SANITATION"
3,"Monday","SANITATION"
3,"Monday","SANITATION"
2,"Tuesday","SANITATION"
2,"Tuesday","SANITATION"
2,"Tuesday","SANITATION"
1,"Wednesday","SANITATION"
1,"Wednesday","SANITATION"
0,"Wednesday","SANITATION"
33,"Thursday","SANITATION"
5,"Friday","SANITATION"
12,"Tuesday","SANITATION"
0,"Tuesday","SANITATION"
12,"Tuesday","SANITATION"
12,"Tuesday","SANITATION"
11,"Wednesday","SANITATION"
11,"Wednesday","SANITATION"
11,"Wednesday","SANITATION"
10,"Thursday","SANITATION"
9,"Friday","SANITATION"
9,"Friday","SANITATION"
5,"Tuesday","SANITATION"
5,"Tuesday","SANITATION"
4,"Wednesday","SANITATION"
3,"Thursday","SANITATION"
3,"Thursday","SANITATION"
6,"Friday","SANITATION"
8,"Friday","SANITATION"
1,"Monday","SANITATION"
6,"Monday","SANITATION"
1,"Tuesday","SANITATION"
1,"Tuesday","SANITATION"
13,"Wednesday","SANITATION"
335,"Thursday","GROUNDS"
4,"Thursday","SANITATION"
0,"Monday","SANITATION"
8,"Monday","SANITATION"
1,"Tuesday","SANITATION"
2,"Tuesday","SANITATION"
0,"Thursday","SANITATION"
2,"Friday","SANITATION"
0,"Monday","SANITATION"
1,"Monday","SANITATION"
172,"Wednesday","GROUNDS"
3,"Thursday","SANITATION"
3,"Thursday","SANITATION"
7,"Tuesday","SANITATION"
0,"Tuesday","SANITATION"
1,"Tuesday","SANITATION"
11,"Thursday","GROUNDS"
86,"Friday","BLIGHT"
87,"Friday","GROUNDS"
4,"Friday","SANITATION"
2,"Friday","SANITATION"
1,"Monday","SANITATION"
5,"Tuesday","SANITATION"
0,"Monday","SANITATION"
1,"Monday","SANITATION"
0,"Monday","SANITATION"
1,"Wednesday","SANITATION"
2,"Thursday","SANITATION"
95,"Thursday","GROUNDS"
3,"Friday","SANITATION"
83,"Friday","GROUNDS"
0,"Saturday","SANITATION"
1,"Monday","SANITATION"
0,"Tuesday","SANITATION"
5,"Tuesday","SANITATION"
1,"Wednesday","SANITATION"
3,"Thursday","SANITATION"
5,"Thursday","SANITATION"
2,"Friday","SANITATION"
0,"Monday","SANITATION"
1,"Monday","SANITATION"
0,"Tuesday","SANITATION"
0,"Wednesday","SANITATION"
2,"Thursday","SANITATION"
34,"Monday","SANITATION"
0,"Monday","SANITATION"
1,"Tuesday","SANITATION"
6,"Tuesday","SANITATION"
0,"Wednesday","SANITATION"
1,"Wednesday","SANITATION"
1,"Wednesday","SANITATION"
3,"Thursday","SANITATION"
3,"Thursday","SANITATION"
2,"Friday","SANITATION"
0,"Tuesday","SANITATION"
1,"Tuesday","SANITATION"
7,"Thursday","SANITATION"
6,"Monday","SANITATION"
2,"Tuesday","SANITATION"
1,"Wednesday","SANITATION"
1,"Wednesday","SANITATION"
55,"Thursday","GROUNDS"
9,"Friday","SANITATION"
0,"Wednesday","SANITATION"
5,"Thursday","SANITATION"
7,"Thursday","SANITATION"
5,"Thursday","SANITATION"
2,"Friday","SANITATION"
2,"Friday","SANITATION"
2,"Friday","SANITATION"
2,"Friday","SANITATION"
0,"Monday","SANITATION"
1,"Monday","SANITATION"
1,"Monday","SANITATION"
2,"Tuesday","SANITATION"
1,"Wednesday","SANITATION"
0,"Wednesday","SANITATION"
1,"Wednesday","SANITATION"
0,"Wednesday","SANITATION"
6,"Wednesday","BLIGHT"
1,"Wednesday","BLIGHT"
24,"Thursday","SANITATION"
1,"Thursday","SANITATION"
3,"Friday","SANITATION"
3,"Friday","SANITATION"
2,"Friday","SANITATION"
5,"Friday","BLIGHT"
0,"Monday","SANITATION"
1,"Monday","SANITATION"
1,"Tuesday","SANITATION"
0,"Tuesday","SANITATION"
7,"Tuesday","SANITATION"
1,"Tuesday","SANITATION"
4,"Wednesday","SANITATION"
4,"Wednesday","SANITATION"
1,"Wednesday","SANITATION"
4,"Wednesday","SANITATION"
3,"Thursday","SANITATION"
122,"Thursday","GROUNDS"
2,"Friday","SANITATION"
4,"Friday","SANITATION"
4,"Friday","BLIGHT"
0,"Tuesday","SANITATION"
37,"Tuesday","BLIGHT"
5,"Tuesday","SANITATION"
4,"Wednesday","SANITATION"
4,"Wednesday","SANITATION"
3,"Thursday","SANITATION"
3,"Thursday","SANITATION"
3,"Thursday","SANITATION"
115,"Thursday","GROUNDS"
3,"Friday","SANITATION"
2,"Friday","SANITATION"
2,"Monday","SANITATION"
1,"Monday","SANITATION"
0,"Tuesday","SANITATION"
0,"Wednesday","SANITATION"
3,"Thursday","SANITATION"
12,"Friday","SANITATION"
2,"Friday","SANITATION"
36,"Monday","SANITATION"
1,"Monday","SANITATION"
1,"Monday","SANITATION"
3,"Monday","SANITATION"
1,"Wednesday","SANITATION"
11,"Wednesday","SANITATION"
13,"Wednesday","SANITATION"
186,"Thursday","SANITATION"
4,"Friday","SANITATION"
4,"Wednesday","SANITATION"
56,"Thursday","SANITATION"
4,"Thursday","SANITATION"
4,"Thursday","SANITATION"
4,"Thursday","SANITATION"
3,"Friday","SANITATION"
2,"Friday","SANITATION"
3,"Friday","SANITATION"
52,"Monday","SANITATION"
52,"Monday","SANITATION"
52,"Monday","SANITATION"
52,"Monday","SANITATION"
22,"Monday","GROUNDS"
52,"Monday","SANITATION"
52,"Monday","SANITATION"
51,"Tuesday","SANITATION"
51,"Tuesday","SANITATION"
50,"Wednesday","SANITATION"
50,"Wednesday","SANITATION"
49,"Thursday","SANITATION"
49,"Thursday","SANITATION"
49,"Thursday","SANITATION"
49,"Thursday","SANITATION"
49,"Thursday","SANITATION"
48,"Friday","SANITATION"
48,"Friday","SANITATION"
48,"Friday","SANITATION"
45,"Monday","SANITATION"
45,"Monday","SANITATION"
45,"Monday","SANITATION"
45,"Monday","SANITATION"
44,"Tuesday","SANITATION"
44,"Tuesday","SANITATION"
43,"Wednesday","SANITATION"
43,"Wednesday","SANITATION"
43,"Wednesday","SANITATION"
42,"Thursday","SANITATION"
42,"Thursday","SANITATION"
41,"Friday","SANITATION"
41,"Friday","SANITATION"
41,"Friday","SANITATION"
38,"Monday","SANITATION"
37,"Tuesday","SANITATION"
37,"Tuesday","SANITATION"
37,"Tuesday","SANITATION"
36,"Wednesday","SANITATION"
35,"Thursday","SANITATION"
31,"Monday","SANITATION"
31,"Monday","SANITATION"
23,"Tuesday","GROUNDS"
30,"Tuesday","SANITATION"
30,"Tuesday","SANITATION"
30,"Tuesday","SANITATION"
29,"Wednesday","SANITATION"
28,"Thursday","SANITATION"
28,"Thursday","SANITATION"
75,"Friday","BLIGHT"
27,"Friday","SANITATION"
44,"Saturday","SANITATION"
40,"Wednesday","SANITATION"
39,"Thursday","SANITATION"
47,"Thursday","BLIGHT"
39,"Thursday","SANITATION"
38,"Friday","SANITATION"
34,"Tuesday","SANITATION"
34,"Tuesday","SANITATION"
34,"Tuesday","SANITATION"
32,"Thursday","SANITATION"
32,"Thursday","SANITATION"
32,"Thursday","SANITATION"
28,"Monday","SANITATION"
28,"Monday","SANITATION"
27,"Tuesday","SANITATION"
182,"Wednesday","BLIGHT"
26,"Wednesday","SANITATION"
25,"Thursday","SANITATION"
25,"Thursday","SANITATION"
24,"Friday","SANITATION"
20,"Tuesday","SANITATION"
19,"Wednesday","SANITATION"
18,"Thursday","SANITATION"
17,"Friday","SANITATION"
50,"Monday","SANITATION"
12,"Wednesday","SANITATION"
10,"Friday","SANITATION"
13,"Monday","SANITATION"
17,"Monday","SANITATION"
17,"Monday","SANITATION"
16,"Tuesday","SANITATION"
15,"Wednesday","SANITATION"
15,"Wednesday","SANITATION"
15,"Wednesday","SANITATION"
15,"Wednesday","SANITATION"
14,"Thursday","SANITATION"
14,"Thursday","SANITATION"
14,"Thursday","SANITATION"
13,"Friday","SANITATION"
13,"Friday","SANITATION"
10,"Monday","SANITATION"
10,"Monday","SANITATION"
10,"Monday","SANITATION"
29,"Tuesday","SANITATION"
2,"Tuesday","GROUNDS"
29,"Tuesday","SANITATION"
28,"Wednesday","BLIGHT"
28,"Wednesday","SANITATION"
27,"Thursday","SANITATION"
26,"Friday","SANITATION"
23,"Monday","SANITATION"
3,"Monday","SANITATION"
23,"Monday","SANITATION"
23,"Monday","SANITATION"
22,"Tuesday","SANITATION"
22,"Tuesday","SANITATION"
20,"Thursday","SANITATION"
19,"Friday","SANITATION"
14,"Wednesday","SANITATION"
14,"Wednesday","SANITATION"
13,"Thursday","SANITATION"
13,"Thursday","SANITATION"
13,"Thursday","SANITATION"
9,"Monday","SANITATION"
9,"Monday","SANITATION"
9,"Monday","SANITATION"
0,"Tuesday","SANITATION"
7,"Wednesday","SANITATION"
7,"Wednesday","SANITATION"
7,"Wednesday","SANITATION"
7,"Wednesday","SANITATION"
7,"Wednesday","SANITATION"
7,"Wednesday","SANITATION"
6,"Thursday","SANITATION"
5,"Friday","SANITATION"
5,"Friday","SANITATION"
5,"Friday","SANITATION"
5,"Friday","SANITATION"
43,"Monday","SANITATION"
43,"Monday","SANITATION"
43,"Monday","SANITATION"
98,"Tuesday","BLIGHT"
42,"Tuesday","SANITATION"
40,"Thursday","SANITATION"
40,"Thursday","SANITATION"
40,"Thursday","SANITATION"
40,"Thursday","SANITATION"
39,"Friday","SANITATION"
9,"Friday","SANITATION"
36,"Monday","SANITATION"
36,"Monday","SANITATION"
36,"Monday","SANITATION"
36,"Monday","SANITATION"
111,"Monday","BLIGHT"
36,"Monday","SANITATION"
35,"Tuesday","SANITATION"
35,"Tuesday","SANITATION"
35,"Wednesday","SANITATION"
34,"Wednesday","SANITATION"
34,"Thursday","SANITATION"
33,"Friday","SANITATION"
30,"Monday","SANITATION"
27,"Monday","GROUNDS"
28,"Tuesday","SANITATION"
27,"Wednesday","SANITATION"
27,"Wednesday","SANITATION"
27,"Thursday","SANITATION"
26,"Thursday","SANITATION"
24,"Sunday","SANITATION"
15,"Monday","SANITATION"
23,"Monday","SANITATION"
22,"Tuesday","SANITATION"
14,"Wednesday","SANITATION"
14,"Wednesday","SANITATION"
13,"Wednesday","SANITATION"
6,"Thursday","SANITATION"
20,"Thursday","SANITATION"
20,"Thursday","SANITATION"
19,"Friday","SANITATION"
19,"Friday","SANITATION"
19,"Friday","SANITATION"
16,"Monday","SANITATION"
16,"Monday","SANITATION"
16,"Monday","SANITATION"
8,"Monday","GROUNDS"
15,"Tuesday","SANITATION"
14,"Wednesday","SANITATION"
14,"Wednesday","SANITATION"
14,"Wednesday","SANITATION"
6,"Wednesday","GROUNDS"
13,"Thursday","SANITATION"
7,"Monday","SANITATION"
4,"Monday","SANITATION"
66,"Monday","SANITATION"
42,"Monday","SANITATION"
35,"Tuesday","SANITATION"
2,"Tuesday","SANITATION"
10,"Wednesday","SANITATION"
34,"Wednesday","SANITATION"
5,"Wednesday","SANITATION"
29,"Thursday","SANITATION"
4,"Thursday","SANITATION"
53,"Friday","GROUNDS"
59,"Monday","SANITATION"
57,"Wednesday","SANITATION"
26,"Wednesday","BLIGHT"
22,"Wednesday","BLIGHT"
8,"Wednesday","SANITATION"
57,"Wednesday","SANITATION"
31,"Thursday","SANITATION"
31,"Thursday","SANITATION"
14,"Thursday","SANITATION"
55,"Friday","SANITATION"
5,"Friday","SANITATION"
55,"Friday","SANITATION"
52,"Monday","SANITATION"
52,"Monday","SANITATION"
52,"Monday","SANITATION"
1,"Monday","SANITATION"
51,"Tuesday","SANITATION"
50,"Wednesday","SANITATION"
49,"Thursday","SANITATION"
48,"Friday","SANITATION"
11,"Friday","SANITATION"
44,"Tuesday","SANITATION"
43,"Wednesday","SANITATION"
11,"Thursday","SANITATION"
12,"Thursday","SANITATION"
41,"Friday","SANITATION"
38,"Monday","SANITATION"
36,"Wednesday","SANITATION"
0,"Wednesday","SANITATION"
36,"Wednesday","SANITATION"
4,"Thursday","SANITATION"
52,"Thursday","BLIGHT"
35,"Thursday","SANITATION"
260,"Sunday","SANITATION"
7,"Monday","SANITATION"
31,"Monday","SANITATION"
78,"Monday","GROUNDS"
30,"Tuesday","SANITATION"
30,"Tuesday","SANITATION"
30,"Tuesday","SANITATION"
29,"Wednesday","SANITATION"
28,"Thursday","SANITATION"
28,"Thursday","SANITATION"
3,"Thursday","SANITATION"
3,"Thursday","SANITATION"
27,"Friday","SANITATION"
2,"Friday","SANITATION"
2,"Friday","SANITATION"
27,"Friday","SANITATION"
22,"Wednesday","SANITATION"
11,"Thursday","GROUNDS"
21,"Thursday","SANITATION"
75,"Tuesday","SANITATION"
2,"Tuesday","SANITATION"
68,"Tuesday","SANITATION"
294,"Thursday","BLIGHT"
67,"Thursday","SANITATION"
4,"Friday","SANITATION"
3,"Friday","SANITATION"
69,"Friday","SANITATION"
62,"Monday","SANITATION"
62,"Monday","SANITATION"
69,"Monday","SANITATION"
9,"Monday","SANITATION"
6,"Monday","SANITATION"
68,"Tuesday","SANITATION"
68,"Tuesday","SANITATION"
236,"Tuesday","SANITATION"
1,"Wednesday","SANITATION"
66,"Thursday","SANITATION"
47,"Thursday","SANITATION"
3,"Thursday","SANITATION"
62,"Friday","SANITATION"
23,"Friday","SANITATION"
61,"Tuesday","SANITATION"
63,"Tuesday","SANITATION"
7,"Wednesday","GROUNDS"
0,"Wednesday","SANITATION"
4,"Wednesday","SANITATION"
57,"Thursday","SANITATION"
0,"Thursday","SANITATION"
58,"Friday","SANITATION"
2,"Friday","SANITATION"
226,"Friday","SANITATION"
30,"Monday","GROUNDS"
52,"Monday","SANITATION"
52,"Monday","SANITATION"
55,"Monday","SANITATION"
18,"Wednesday","SANITATION"
47,"Wednesday","SANITATION"
221,"Wednesday","SANITATION"
4,"Wednesday","SANITATION"
53,"Wednesday","SANITATION"
4,"Wednesday","SANITATION"
52,"Thursday","SANITATION"
3,"Thursday","SANITATION"
6,"Monday","BLIGHT"
31,"Monday","SANITATION"
6,"Monday","SANITATION"
48,"Monday","SANITATION"
1,"Tuesday","SANITATION"
47,"Tuesday","SANITATION"
47,"Tuesday","SANITATION"
5,"Tuesday","SANITATION"
6,"Tuesday","SANITATION"
4,"Wednesday","SANITATION"
214,"Wednesday","SANITATION"
2,"Friday","SANITATION"
44,"Friday","SANITATION"
44,"Friday","SANITATION"
44,"Friday","SANITATION"
1,"Monday","SANITATION"
29,"Monday","SANITATION"
40,"Tuesday","SANITATION"
5,"Tuesday","SANITATION"
207,"Thursday","SANITATION"
0,"Friday","SANITATION"
0,"Monday","SANITATION"
202,"Monday","SANITATION"
34,"Monday","SANITATION"
202,"Monday","SANITATION"
20,"Tuesday","GROUNDS"
4,"Wednesday","GROUNDS"
201,"Wednesday","SANITATION"
4,"Wednesday","GROUNDS"
6,"Friday","SANITATION"
1,"Tuesday","SANITATION"
0,"Tuesday","SANITATION"
193,"Wednesday","SANITATION"
0,"Wednesday","SANITATION"
192,"Friday","SANITATION"
50,"Monday","SANITATION"
1,"Monday","SANITATION"
175,"Tuesday","SANITATION"
15,"Wednesday","SANITATION"
43,"Monday","SANITATION"
14,"Tuesday","SANITATION"
4,"Wednesday","SANITATION"
180,"Wednesday","SANITATION"
4,"Thursday","SANITATION"
15,"Monday","SANITATION"
1,"Monday","SANITATION"
14,"Tuesday","SANITATION"
16,"Tuesday","SANITATION"
15,"Tuesday","SANITATION"
15,"Tuesday","SANITATION"
14,"Tuesday","SANITATION"
174,"Tuesday","SANITATION"
15,"Wednesday","SANITATION"
29,"Wednesday","SANITATION"
28,"Thursday","SANITATION"
28,"Thursday","SANITATION"
9,"Friday","SANITATION"
168,"Sunday","SANITATION"
166,"Tuesday","SANITATION"
7,"Wednesday","SANITATION"
165,"Wednesday","SANITATION"
165,"Wednesday","SANITATION"
5,"Friday","SANITATION"
159,"Wednesday","SANITATION"
158,"Wednesday","SANITATION"
33,"Thursday","SANITATION"
9,"Monday","SANITATION"
5,"Tuesday","SANITATION"
8,"Tuesday","SANITATION"
29,"Tuesday","SANITATION"
34,"Tuesday","BLIGHT"
152,"Tuesday","SANITATION"
146,"Monday","SANITATION"
1,"Tuesday","SANITATION"
142,"Friday","SANITATION"
192,"Friday","BLIGHT"
139,"Monday","SANITATION"
3,"Monday","SANITATION"
138,"Wednesday","SANITATION"
138,"Wednesday","SANITATION"
12,"Wednesday","SANITATION"
12,"Thursday","SANITATION"
135,"Friday","SANITATION"
131,"Tuesday","SANITATION"
7,"Wednesday","SANITATION"
129,"Thursday","SANITATION"
22,"Tuesday","SANITATION"
125,"Tuesday","SANITATION"
83,"Wednesday","GROUNDS"
0,"Wednesday","SANITATION"
26,"Friday","SANITATION"
174,"Monday","BLIGHT"
121,"Monday","SANITATION"
118,"Tuesday","SANITATION"
15,"Tuesday","SANITATION"
176,"Tuesday","BLIGHT"
171,"Tuesday","BLIGHT"
6,"Monday","SANITATION"
107,"Monday","SANITATION"
103,"Wednesday","SANITATION"
102,"Thursday","SANITATION"
103,"Friday","SANITATION"
103,"Friday","SANITATION"
100,"Monday","SANITATION"
61,"Wednesday","SANITATION"
27,"Thursday","SANITATION"
144,"Thursday","BLIGHT"
3,"Thursday","SANITATION"
92,"Sunday","SANITATION"
1,"Monday","SANITATION"
88,"Thursday","SANITATION"
10,"Thursday","SANITATION"
19,"Friday","SANITATION"
96,"Friday","SANITATION"
90,"Thursday","SANITATION"
10,"Friday","SANITATION"
23,"Friday","SANITATION"
242,"Wednesday","SANITATION"
75,"Thursday","SANITATION"
25,"Thursday","SANITATION"
0,"Thursday","SANITATION"
74,"Friday","SANITATION"
71,"Monday","SANITATION"
87,"Monday","SANITATION"
14,"Monday","SANITATION"
70,"Monday","SANITATION"
13,"Monday","SANITATION"
78,"Tuesday","SANITATION"
68,"Wednesday","SANITATION"
81,"Wednesday","SANITATION"
4,"Wednesday","SANITATION"
69,"Wednesday","SANITATION"
68,"Thursday","SANITATION"
72,"Friday","SANITATION"
0,"Friday","SANITATION"
74,"Friday","SANITATION"
17,"Monday","SANITATION"
64,"Monday","SANITATION"
64,"Tuesday","SANITATION"
79,"Tuesday","SANITATION"
78,"Wednesday","SANITATION"
62,"Wednesday","SANITATION"
78,"Wednesday","SANITATION"
76,"Wednesday","SANITATION"
77,"Wednesday","SANITATION"
62,"Wednesday","SANITATION"
18,"Wednesday","GROUNDS"
34,"Wednesday","SANITATION"
77,"Thursday","SANITATION"
62,"Thursday","SANITATION"
62,"Thursday","SANITATION"
165,"Thursday","BLIGHT"
62,"Thursday","SANITATION"
24,"Thursday","SANITATION"
27,"Thursday","SANITATION"
24,"Thursday","SANITATION"
26,"Thursday","SANITATION"
61,"Friday","SANITATION"
16,"Friday","SANITATION"
74,"Friday","SANITATION"
208,"Friday","GROUNDS"
16,"Friday","GROUNDS"
29,"Monday","SANITATION"
71,"Monday","SANITATION"
57,"Tuesday","SANITATION"
72,"Tuesday","SANITATION"
72,"Tuesday","SANITATION"
55,"Tuesday","SANITATION"
57,"Tuesday","SANITATION"
57,"Tuesday","SANITATION"
29,"Tuesday","SANITATION"
67,"Wednesday","SANITATION"
57,"Wednesday","SANITATION"
56,"Wednesday","SANITATION"
67,"Wednesday","SANITATION"
5,"Thursday","SANITATION"
115,"Thursday","BLIGHT"
66,"Thursday","SANITATION"
23,"Monday","SANITATION"
66,"Monday","SANITATION"
66,"Monday","SANITATION"
41,"Monday","SANITATION"
51,"Monday","SANITATION"
51,"Monday","SANITATION"
49,"Monday","SANITATION"
36,"Tuesday","SANITATION"
50,"Tuesday","SANITATION"
65,"Tuesday","SANITATION"
62,"Tuesday","SANITATION"
33,"Wednesday","SANITATION"
49,"Wednesday","SANITATION"
53,"Wednesday","SANITATION"
39,"Wednesday","SANITATION"
32,"Wednesday","SANITATION"
51,"Friday","SANITATION"
62,"Friday","SANITATION"
54,"Friday","SANITATION"
104,"Monday","GROUNDS"
55,"Monday","SANITATION"
48,"Tuesday","SANITATION"
42,"Tuesday","SANITATION"
50,"Tuesday","SANITATION"
46,"Wednesday","SANITATION"
42,"Wednesday","SANITATION"
24,"Thursday","SANITATION"
24,"Thursday","SANITATION"
39,"Thursday","SANITATION"
52,"Monday","SANITATION"
41,"Monday","SANITATION"
56,"Monday","SANITATION"
58,"Monday","SANITATION"
22,"Monday","SANITATION"
40,"Tuesday","SANITATION"
55,"Tuesday","SANITATION"
41,"Tuesday","SANITATION"
56,"Tuesday","SANITATION"
62,"Tuesday","SANITATION"
56,"Tuesday","SANITATION"
21,"Wednesday","SANITATION"
38,"Thursday","SANITATION"
55,"Thursday","SANITATION"
184,"Thursday","GROUNDS"
55,"Thursday","SANITATION"
53,"Thursday","SANITATION"
53,"Friday","SANITATION"
0,"Friday","SANITATION"
36,"Monday","SANITATION"
50,"Tuesday","SANITATION"
50,"Tuesday","SANITATION"
28,"Wednesday","SANITATION"
48,"Wednesday","SANITATION"
48,"Wednesday","SANITATION"
48,"Thursday","SANITATION"
48,"Thursday","SANITATION"
47,"Friday","SANITATION"
32,"Friday","SANITATION"
33,"Friday","SANITATION"
24,"Monday","SANITATION"
7,"Monday","GROUNDS"
7,"Monday","GROUNDS"
44,"Monday","SANITATION"
43,"Monday","SANITATION"
29,"Monday","SANITATION"
19,"Wednesday","SANITATION"
39,"Friday","SANITATION"
37,"Monday","SANITATION"
15,"Tuesday","SANITATION"
16,"Tuesday","SANITATION"
22,"Tuesday","SANITATION"
35,"Wednesday","SANITATION"
35,"Wednesday","SANITATION"
35,"Wednesday","SANITATION"
21,"Wednesday","SANITATION"
4,"Wednesday","GROUNDS"
20,"Wednesday","SANITATION"
19,"Friday","SANITATION"
19,"Friday","SANITATION"
30,"Monday","SANITATION"
30,"Monday","SANITATION"
29,"Monday","SANITATION"
28,"Tuesday","SANITATION"
41,"Thursday","SANITATION"
26,"Thursday","SANITATION"
32,"Thursday","SANITATION"
26,"Thursday","SANITATION"
25,"Friday","SANITATION"
33,"Friday","SANITATION"
26,"Tuesday","GROUNDS"
49,"Tuesday","SANITATION"
98,"Wednesday","SANITATION"
8,"Wednesday","SANITATION"
39,"Wednesday","SANITATION"
20,"Thursday","SANITATION"
39,"Thursday","SANITATION"
10,"Friday","GROUNDS"
42,"Monday","SANITATION"
51,"Tuesday","SANITATION"
28,"Wednesday","SANITATION"
28,"Wednesday","SANITATION"
19,"Wednesday","SANITATION"
28,"Wednesday","SANITATION"
21,"Thursday","SANITATION"
116,"Friday","SANITATION"
27,"Monday","SANITATION"
41,"Monday","SANITATION"
112,"Wednesday","SANITATION"
43,"Wednesday","SANITATION"
24,"Thursday","SANITATION"
97,"Thursday","SANITATION"
24,"Thursday","SANITATION"
20,"Tuesday","SANITATION"
40,"Tuesday","SANITATION"
32,"Wednesday","SANITATION"
35,"Wednesday","GROUNDS"
19,"Thursday","SANITATION"
19,"Thursday","SANITATION"
18,"Thursday","SANITATION"
103,"Thursday","SANITATION"
103,"Thursday","SANITATION"
18,"Thursday","SANITATION"
26,"Friday","SANITATION"
59,"Friday","SANITATION"
23,"Monday","SANITATION"
6,"Monday","SANITATION"
1,"Tuesday","SANITATION"
99,"Tuesday","SANITATION"
42,"Wednesday","SANITATION"
98,"Wednesday","SANITATION"
12,"Thursday","SANITATION"
24,"Thursday","SANITATION"
96,"Friday","SANITATION"
8,"Monday","SANITATION"
7,"Monday","GROUNDS"
49,"Monday","SANITATION"
40,"Tuesday","SANITATION"
91,"Tuesday","SANITATION"
39,"Wednesday","SANITATION"
24,"Thursday","SANITATION"
34,"Thursday","SANITATION"
75,"Thursday","SANITATION"
89,"Friday","SANITATION"
88,"Friday","SANITATION"
60,"Friday","SANITATION"
32,"Saturday","GROUNDS"
29,"Monday","SANITATION"
38,"Monday","SANITATION"
38,"Monday","SANITATION"
22,"Monday","GROUNDS"
38,"Monday","SANITATION"
40,"Tuesday","SANITATION"
39,"Wednesday","SANITATION"
39,"Thursday","SANITATION"
17,"Thursday","SANITATION"
27,"Thursday","SANITATION"
17,"Thursday","SANITATION"
44,"Friday","SANITATION"
38,"Friday","SANITATION"
34,"Friday","SANITATION"
1,"Monday","SANITATION"
238,"Monday","GROUNDS"
77,"Tuesday","SANITATION"
22,"Tuesday","SANITATION"
63,"Wednesday","SANITATION"
76,"Wednesday","SANITATION"
32,"Wednesday","SANITATION"
76,"Thursday","SANITATION"
32,"Friday","SANITATION"
234,"Friday","GROUNDS"
30,"Monday","SANITATION"
36,"Monday","SANITATION"
53,"Monday","SANITATION"
48,"Monday","SANITATION"
24,"Monday","SANITATION"
71,"Tuesday","SANITATION"
30,"Tuesday","SANITATION"
40,"Thursday","SANITATION"
27,"Friday","SANITATION"
26,"Friday","SANITATION"
49,"Monday","SANITATION"
9,"Monday","GROUNDS"
48,"Tuesday","SANITATION"
35,"Tuesday","SANITATION"
30,"Wednesday","SANITATION"
48,"Wednesday","SANITATION"
61,"Thursday","SANITATION"
33,"Friday","SANITATION"
51,"Monday","SANITATION"
27,"Monday","SANITATION"
24,"Monday","SANITATION"
24,"Monday","SANITATION"
37,"Tuesday","SANITATION"
34,"Tuesday","SANITATION"
42,"Tuesday","SANITATION"
12,"Tuesday","SANITATION"
215,"Wednesday","GROUNDS"
53,"Friday","SANITATION"
128,"Sunday","BLIGHT"
51,"Monday","SANITATION"
51,"Monday","SANITATION"
50,"Tuesday","SANITATION"
36,"Tuesday","SANITATION"
15,"Tuesday","SANITATION"
50,"Tuesday","SANITATION"
26,"Tuesday","SANITATION"
14,"Tuesday","SANITATION"
16,"Tuesday","SANITATION"
49,"Wednesday","SANITATION"
127,"Wednesday","GROUNDS"
48,"Wednesday","SANITATION"
13,"Wednesday","SANITATION"
34,"Thursday","SANITATION"
48,"Thursday","SANITATION"
33,"Thursday","SANITATION"
28,"Thursday","SANITATION"
33,"Thursday","SANITATION"
48,"Thursday","SANITATION"
12,"Thursday","SANITATION"
12,"Thursday","SANITATION"
33,"Friday","SANITATION"
13,"Friday","SANITATION"
23,"Friday","SANITATION"
30,"Monday","SANITATION"
44,"Monday","SANITATION"
8,"Monday","SANITATION"
22,"Monday","SANITATION"
43,"Tuesday","SANITATION"
21,"Tuesday","SANITATION"
20,"Wednesday","GROUNDS"
20,"Wednesday","SANITATION"
42,"Wednesday","SANITATION"
129,"Thursday","SANITATION"
9,"Saturday","SANITATION"
25,"Saturday","SANITATION"
82,"Saturday","SANITATION"
111,"Monday","SANITATION"
34,"Monday","SANITATION"
13,"Monday","SANITATION"
1,"Monday","SANITATION"
33,"Tuesday","SANITATION"
21,"Tuesday","SANITATION"
11,"Wednesday","SANITATION"
8,"Wednesday","SANITATION"
18,"Wednesday","SANITATION"
17,"Thursday","SANITATION"
73,"Thursday","SANITATION"
11,"Friday","GROUNDS"
55,"Friday","SANITATION"
9,"Friday","SANITATION"
66,"Monday","SANITATION"
66,"Monday","SANITATION"
66,"Monday","SANITATION"
6,"Monday","SANITATION"
21,"Monday","SANITATION"
65,"Tuesday","SANITATION"
16,"Tuesday","SANITATION"
4,"Wednesday","SANITATION"
67,"Wednesday","SANITATION"
26,"Wednesday","SANITATION"
102,"Wednesday","SANITATION"
8,"Wednesday","SANITATION"
7,"Thursday","SANITATION"
66,"Thursday","SANITATION"
69,"Friday","SANITATION"
103,"Monday","SANITATION"
24,"Monday","SANITATION"
3,"Monday","SANITATION"
20,"Monday","SANITATION"
113,"Monday","SANITATION"
102,"Monday","SANITATION"
100,"Wednesday","SANITATION"
60,"Wednesday","SANITATION"
7,"Wednesday","SANITATION"
110,"Thursday","SANITATION"
31,"Thursday","SANITATION"
3,"Friday","SANITATION"
109,"Friday","SANITATION"
20,"Friday","SANITATION"
15,"Saturday","SANITATION"
10,"Monday","SANITATION"
30,"Monday","SANITATION"
38,"Monday","SANITATION"
38,"Monday","SANITATION"
7,"Monday","SANITATION"
37,"Tuesday","SANITATION"
13,"Tuesday","SANITATION"
104,"Tuesday","SANITATION"
12,"Wednesday","SANITATION"
12,"Wednesday","SANITATION"
103,"Wednesday","SANITATION"
63,"Wednesday","SANITATION"
20,"Thursday","SANITATION"
5,"Thursday","SANITATION"
21,"Thursday","SANITATION"
65,"Friday","SANITATION"
62,"Friday","SANITATION"
9,"Tuesday","SANITATION"
97,"Wednesday","SANITATION"
47,"Wednesday","SANITATION"
88,"Wednesday","SANITATION"
97,"Wednesday","SANITATION"
59,"Thursday","SANITATION"
4,"Thursday","SANITATION"
27,"Thursday","SANITATION"
4,"Monday","SANITATION"
10,"Monday","SANITATION"
51,"Monday","SANITATION"
51,"Monday","SANITATION"
89,"Wednesday","SANITATION"
11,"Thursday","SANITATION"
80,"Thursday","SANITATION"
79,"Tuesday","SANITATION"
83,"Tuesday","SANITATION"
4,"Thursday","SANITATION"
4,"Thursday","SANITATION"
4,"Thursday","SANITATION"
5,"Friday","SANITATION"
3,"Friday","SANITATION"
79,"Friday","SANITATION"
80,"Friday","SANITATION"
30,"Monday","SANITATION"
77,"Tuesday","SANITATION"
63,"Tuesday","SANITATION"
16,"Wednesday","SANITATION"
5,"Wednesday","SANITATION"
75,"Thursday","SANITATION"
37,"Friday","SANITATION"
5,"Tuesday","SANITATION"
69,"Tuesday","SANITATION"
1,"Wednesday","SANITATION"
8,"Wednesday","SANITATION"
7,"Friday","SANITATION"
7,"Friday","SANITATION"
13,"Monday","SANITATION"
63,"Monday","SANITATION"
319,"Wednesday","GROUNDS"
5,"Thursday","SANITATION"
1,"Monday","SANITATION"
54,"Thursday","SANITATION"
3,"Thursday","SANITATION"
5,"Thursday","SANITATION"
53,"Friday","SANITATION"
3,"Monday","SANITATION"
1,"Monday","SANITATION"
49,"Tuesday","SANITATION"
41,"Wednesday","SANITATION"
108,"Thursday","GROUNDS"
6,"Monday","GROUNDS"
109,"Monday","GROUNDS"
42,"Tuesday","SANITATION"
42,"Tuesday","SANITATION"
109,"Tuesday","GROUNDS"
41,"Wednesday","SANITATION"
6,"Friday","GROUNDS"
10,"Saturday","SANITATION"
9,"Monday","SANITATION"
17,"Monday","SANITATION"
9,"Monday","SANITATION"
35,"Tuesday","SANITATION"
7,"Wednesday","SANITATION"
14,"Thursday","SANITATION"
27,"Wednesday","SANITATION"
27,"Wednesday","SANITATION"
7,"Thursday","SANITATION"
360,"Friday","GROUNDS"
360,"Friday","GROUNDS"
333,"Monday","GROUNDS"
20,"Wednesday","SANITATION"
1,"Monday","SANITATION"
5,"Wednesday","SANITATION"
5,"Wednesday","SANITATION"
4,"Thursday","SANITATION"
341,"Thursday","GROUNDS"
3,"Friday","SANITATION"
5,"Friday","GROUNDS"
9,"Friday","SANITATION"
14,"Monday","SANITATION"
14,"Monday","SANITATION"
6,"Monday","SANITATION"
324,"Monday","GROUNDS"
2,"Monday","SANITATION"
2,"Monday","SANITATION"
7,"Tuesday","SANITATION"
5,"Tuesday","SANITATION"
6,"Tuesday","SANITATION"
6,"Tuesday","SANITATION"
6,"Tuesday","SANITATION"
6,"Wednesday","SANITATION"
19,"Thursday","SANITATION"
5,"Thursday","SANITATION"
19,"Friday","SANITATION"
4,"Friday","SANITATION"
3,"Friday","SANITATION"
18,"Friday","SANITATION"
1,"Monday","SANITATION"
1,"Monday","SANITATION"
2,"Tuesday","SANITATION"
5,"Wednesday","SANITATION"
0,"Wednesday","SANITATION"
1,"Wednesday","SANITATION"
5,"Thursday","SANITATION"
3,"Thursday","SANITATION"
3,"Friday","SANITATION"
2,"Friday","SANITATION"
0,"Monday","SANITATION"
330,"Monday","GROUNDS"
0,"Monday","SANITATION"
7,"Tuesday","SANITATION"
19,"Thursday","SANITATION"
4,"Friday","SANITATION"
11,"Wednesday","SANITATION"
0,"Monday","SANITATION"
7,"Monday","SANITATION"
4,"Thursday","SANITATION"
4,"Thursday","SANITATION"
3,"Friday","SANITATION"
1,"Monday","SANITATION"
1,"Monday","SANITATION"
5,"Tuesday","SANITATION"
2,"Tuesday","SANITATION"
5,"Tuesday","SANITATION"
39,"Wednesday","GROUNDS"
8,"Wednesday","SANITATION"
1,"Wednesday","SANITATION"
1,"Wednesday","SANITATION"
4,"Thursday","SANITATION"
4,"Thursday","SANITATION"
4,"Thursday","SANITATION"
1,"Monday","SANITATION"
3,"Monday","SANITATION"
1,"Monday","SANITATION"
21,"Tuesday","SANITATION"
5,"Thursday","SANITATION"
19,"Thursday","SANITATION"
19,"Thursday","SANITATION"
31,"Friday","SANITATION"
4,"Friday","SANITATION"
18,"Friday","SANITATION"
16,"Friday","SANITATION"
15,"Tuesday","SANITATION"
0,"Tuesday","SANITATION"
68,"Thursday","GROUNDS"
5,"Friday","SANITATION"
3,"Friday","SANITATION"
346,"Friday","GROUNDS"
2,"Friday","SANITATION"
1,"Monday","SANITATION"
21,"Monday","GROUNDS"
1,"Monday","SANITATION"
3,"Tuesday","SANITATION"
20,"Tuesday","SANITATION"
0,"Tuesday","SANITATION"
0,"Tuesday","SANITATION"
1,"Wednesday","SANITATION"
7,"Wednesday","SANITATION"
6,"Thursday","SANITATION"
2,"Friday","SANITATION"
1,"Monday","SANITATION"
3,"Monday","SANITATION"
1,"Monday","SANITATION"
151,"Monday","GROUNDS"
2,"Tuesday","SANITATION"
224,"Wednesday","GROUNDS"
4,"Wednesday","SANITATION"
4,"Wednesday","SANITATION"
1,"Wednesday","SANITATION"
18,"Wednesday","SANITATION"
1,"Wednesday","SANITATION"
3,"Thursday","SANITATION"
3,"Friday","SANITATION"
2,"Friday","SANITATION"
2,"Monday","SANITATION"
1,"Monday","SANITATION"
0,"Tuesday","SANITATION"
21,"Wednesday","GROUNDS"
2,"Wednesday","SANITATION"
5,"Wednesday","SANITATION"
1,"Thursday","SANITATION"
1,"Thursday","SANITATION"
0,"Thursday","SANITATION"
13,"Thursday","SANITATION"
6,"Friday","SANITATION"
4,"Friday","SANITATION"
6,"Monday","SANITATION"
0,"Monday","SANITATION"
3,"Tuesday","SANITATION"
83,"Tuesday","GROUNDS"
357,"Tuesday","GROUNDS"
8,"Tuesday","SANITATION"
8,"Wednesday","SANITATION"
6,"Wednesday","SANITATION"
1,"Thursday","SANITATION"
6,"Thursday","SANITATION"
2,"Friday","SANITATION"
3,"Friday","SANITATION"
329,"Monday","GROUNDS"
2,"Tuesday","SANITATION"
1,"Wednesday","SANITATION"
1,"Wednesday","SANITATION"
6,"Wednesday","SANITATION"
0,"Thursday","SANITATION"
19,"Friday","GROUNDS"
6,"Friday","SANITATION"
6,"Friday","SANITATION"
2,"Tuesday","SANITATION"
2,"Tuesday","SANITATION"
2,"Tuesday","SANITATION"
14,"Wednesday","GROUNDS"
54,"Wednesday","SANITATION"
1,"Wednesday","SANITATION"
3,"Thursday","SANITATION"
45,"Thursday","SANITATION"
4,"Thursday","SANITATION"
4,"Friday","SANITATION"
4,"Friday","SANITATION"
4,"Friday","SANITATION"
4,"Friday","SANITATION"
11,"Friday","SANITATION"
23,"Saturday","SANITATION"
252,"Sunday","GROUNDS"
21,"Monday","SANITATION"
103,"Tuesday","GROUNDS"
1,"Wednesday","SANITATION"
40,"Wednesday","SANITATION"
13,"Wednesday","SANITATION"
13,"Thursday","SANITATION"
47,"Thursday","SANITATION"
4,"Thursday","SANITATION"
47,"Thursday","SANITATION"
13,"Thursday","SANITATION"
218,"Friday","GROUNDS"
38,"Friday","SANITATION"
11,"Friday","SANITATION"
12,"Friday","SANITATION"
4,"Friday","SANITATION"
12,"Friday","SANITATION"
14,"Monday","SANITATION"
14,"Monday","SANITATION"
14,"Monday","SANITATION"
35,"Tuesday","SANITATION"
13,"Tuesday","SANITATION"
13,"Tuesday","SANITATION"
13,"Tuesday","SANITATION"
2,"Tuesday","SANITATION"
13,"Wednesday","GROUNDS"
82,"Wednesday","GROUNDS"
7,"Wednesday","SANITATION"
6,"Wednesday","SANITATION"
0,"Wednesday","SANITATION"
12,"Wednesday","SANITATION"
6,"Thursday","SANITATION"
34,"Friday","SANITATION"
10,"Friday","SANITATION"
4,"Friday","SANITATION"
28,"Monday","SANITATION"
64,"Monday","SANITATION"
7,"Monday","SANITATION"
3,"Monday","SANITATION"
7,"Monday","SANITATION"
7,"Monday","SANITATION"
6,"Tuesday","SANITATION"
34,"Wednesday","SANITATION"
33,"Wednesday","SANITATION"
5,"Thursday","SANITATION"
5,"Thursday","SANITATION"
4,"Thursday","SANITATION"
4,"Thursday","SANITATION"
4,"Friday","SANITATION"
4,"Friday","SANITATION"
3,"Friday","GROUNDS"
4,"Friday","SANITATION"
4,"Friday","SANITATION"
4,"Friday","SANITATION"
57,"Monday","SANITATION"
1,"Monday","SANITATION"
49,"Monday","SANITATION"
55,"Wednesday","SANITATION"
54,"Wednesday","SANITATION"
19,"Thursday","SANITATION"
53,"Friday","SANITATION"
53,"Friday","SANITATION"
50,"Monday","SANITATION"
2,"Monday","SANITATION"
118,"Monday","SANITATION"
49,"Monday","SANITATION"
16,"Tuesday","SANITATION"
49,"Tuesday","SANITATION"
48,"Wednesday","SANITATION"
14,"Wednesday","SANITATION"
14,"Wednesday","SANITATION"
191,"Wednesday","GROUNDS"
47,"Thursday","SANITATION"
12,"Thursday","SANITATION"
13,"Thursday","SANITATION"
129,"Thursday","GROUNDS"
12,"Friday","SANITATION"
4,"Friday","SANITATION"
12,"Friday","SANITATION"
11,"Saturday","SANITATION"
9,"Monday","SANITATION"
9,"Monday","SANITATION"
35,"Monday","SANITATION"
9,"Monday","SANITATION"
43,"Monday","SANITATION"
16,"Monday","SANITATION"
1,"Monday","SANITATION"
63,"Monday","GROUNDS"
8,"Tuesday","SANITATION"
9,"Tuesday","SANITATION"
7,"Wednesday","SANITATION"
7,"Wednesday","SANITATION"
6,"Thursday","SANITATION"
7,"Monday","SANITATION"
3,"Monday","SANITATION"
5,"Wednesday","SANITATION"
33,"Wednesday","SANITATION"
2,"Wednesday","SANITATION"
19,"Thursday","SANITATION"
4,"Thursday","SANITATION"
4,"Thursday","SANITATION"
4,"Thursday","SANITATION"
4,"Thursday","SANITATION"
11,"Friday","SANITATION"
5,"Friday","SANITATION"
3,"Monday","SANITATION"
3,"Monday","SANITATION"
3,"Tuesday","SANITATION"
1,"Tuesday","SANITATION"
3,"Tuesday","SANITATION"
145,"Tuesday","GROUNDS"
39,"Wednesday","SANITATION"
5,"Wednesday","SANITATION"
4,"Wednesday","SANITATION"
36,"Thursday","SANITATION"
5,"Thursday","SANITATION"
4,"Thursday","SANITATION"
4,"Thursday","SANITATION"
248,"Friday","GROUNDS"
9,"Friday","SANITATION"
117,"Friday","SANITATION"
3,"Monday","SANITATION"
3,"Monday","SANITATION"
2,"Monday","SANITATION"
14,"Monday","SANITATION"
3,"Monday","SANITATION"
55,"Tuesday","SANITATION"
8,"Tuesday","SANITATION"
1,"Wednesday","SANITATION"
7,"Wednesday","SANITATION"
113,"Wednesday","SANITATION"
19,"Wednesday","SANITATION"
74,"Wednesday","GROUNDS"
6,"Thursday","SANITATION"
11,"Thursday","SANITATION"
6,"Thursday","GROUNDS"
59,"Friday","SANITATION"
10,"Friday","SANITATION"
96,"Friday","SANITATION"
45,"Monday","SANITATION"
7,"Monday","SANITATION"
2,"Monday","SANITATION"
9,"Tuesday","SANITATION"
6,"Tuesday","SANITATION"
8,"Wednesday","SANITATION"
12,"Thursday","SANITATION"
50,"Thursday","SANITATION"
185,"Thursday","GROUNDS"
11,"Thursday","SANITATION"
70,"Friday","SANITATION"
6,"Friday","SANITATION"
38,"Friday","SANITATION"
49,"Friday","SANITATION"
288,"Monday","GROUNDS"
7,"Tuesday","SANITATION"
37,"Tuesday","SANITATION"
1,"Wednesday","SANITATION"
295,"Wednesday","GROUNDS"
49,"Wednesday","SANITATION"
6,"Wednesday","SANITATION"
15,"Wednesday","SANITATION"
65,"Wednesday","SANITATION"
6,"Wednesday","SANITATION"
5,"Wednesday","GROUNDS"
154,"Wednesday","GROUNDS"
47,"Thursday","SANITATION"
6,"Thursday","SANITATION"
5,"Thursday","SANITATION"
0,"Thursday","GROUNDS"
42,"Friday","SANITATION"
64,"Tuesday","SANITATION"
9,"Tuesday","SANITATION"
7,"Tuesday","SANITATION"
64,"Tuesday","SANITATION"
6,"Tuesday","SANITATION"
6,"Tuesday","SANITATION"
58,"Wednesday","SANITATION"
9,"Wednesday","SANITATION"
25,"Wednesday","SANITATION"
5,"Thursday","SANITATION"
59,"Thursday","SANITATION"
7,"Thursday","SANITATION"
59,"Thursday","SANITATION"
7,"Thursday","SANITATION"
4,"Friday","SANITATION"
11,"Friday","SANITATION"
7,"Friday","SANITATION"
7,"Friday","SANITATION"
48,"Monday","SANITATION"
56,"Monday","SANITATION"
56,"Monday","SANITATION"
100,"Monday","SANITATION"
52,"Monday","SANITATION"
55,"Monday","SANITATION"
0,"Monday","GROUNDS"
43,"Monday","SANITATION"
48,"Monday","SANITATION"
128,"Monday","GROUNDS"
51,"Monday","SANITATION"
99,"Tuesday","SANITATION"
56,"Tuesday","SANITATION"
45,"Tuesday","SANITATION"
99,"Tuesday","SANITATION"
57,"Tuesday","SANITATION"
98,"Wednesday","SANITATION"
98,"Wednesday","SANITATION"
44,"Wednesday","SANITATION"
54,"Wednesday","SANITATION"
98,"Wednesday","SANITATION"
50,"Wednesday","SANITATION"
14,"Thursday","SANITATION"
14,"Thursday","SANITATION"
9,"Friday","SANITATION"
39,"Friday","SANITATION"
96,"Friday","SANITATION"
3,"Sunday","SANITATION"
0,"Monday","SANITATION"
8,"Monday","SANITATION"
13,"Monday","SANITATION"
1,"Monday","SANITATION"
6,"Monday","SANITATION"
6,"Monday","SANITATION"
9,"Tuesday","SANITATION"
7,"Tuesday","SANITATION"
3,"Tuesday","SANITATION"
5,"Tuesday","SANITATION"
33,"Tuesday","SANITATION"
9,"Tuesday","SANITATION"
23,"Tuesday","SANITATION"
11,"Wednesday","SANITATION"
11,"Wednesday","SANITATION"
11,"Wednesday","SANITATION"
11,"Wednesday","SANITATION"
1,"Wednesday","GROUNDS"
7,"Thursday","SANITATION"
14,"Thursday","SANITATION"
10,"Thursday","SANITATION"
6,"Thursday","SANITATION"
10,"Thursday","SANITATION"
5,"Thursday","SANITATION"
6,"Thursday","SANITATION"
10,"Thursday","SANITATION"
6,"Thursday","SANITATION"
33,"Thursday","SANITATION"
10,"Friday","SANITATION"
10,"Friday","SANITATION"
9,"Friday","SANITATION"
10,"Friday","SANITATION"
272,"Friday","GROUNDS"
2,"Friday","SANITATION"
9,"Saturday","SANITATION"
9,"Monday","SANITATION"
14,"Monday","SANITATION"
6,"Monday","SANITATION"
7,"Monday","SANITATION"
6,"Monday","SANITATION"
7,"Monday","SANITATION"
7,"Monday","SANITATION"
6,"Monday","SANITATION"
7,"Tuesday","SANITATION"
7,"Tuesday","SANITATION"
7,"Tuesday","SANITATION"
7,"Tuesday","SANITATION"
6,"Wednesday","SANITATION"
6,"Wednesday","GROUNDS"
0,"Wednesday","GROUNDS"
43,"Wednesday","SANITATION"
6,"Wednesday","SANITATION"
6,"Wednesday","SANITATION"
6,"Wednesday","SANITATION"
6,"Wednesday","SANITATION"
1,"Wednesday","SANITATION"
5,"Thursday","SANITATION"
251,"Thursday","GROUNDS"
6,"Thursday","SANITATION"
5,"Thursday","SANITATION"
24,"Thursday","SANITATION"
13,"Friday","SANITATION"
4,"Friday","SANITATION"
4,"Friday","SANITATION"
9,"Friday","SANITATION"
37,"Tuesday","SANITATION"
6,"Tuesday","SANITATION"
0,"Tuesday","SANITATION"
0,"Wednesday","SANITATION"
5,"Wednesday","SANITATION"
0,"Wednesday","SANITATION"
1,"Wednesday","SANITATION"
5,"Wednesday","SANITATION"
27,"Thursday","GROUNDS"
34,"Friday","SANITATION"
20,"Friday","SANITATION"
2,"Friday","SANITATION"
16,"Friday","SANITATION"
34,"Friday","SANITATION"
2,"Friday","SANITATION"
4,"Monday","SANITATION"
45,"Monday","SANITATION"
27,"Monday","SANITATION"
27,"Monday","SANITATION"
13,"Tuesday","SANITATION"
27,"Tuesday","SANITATION"
29,"Tuesday","SANITATION"
23,"Wednesday","SANITATION"
30,"Wednesday","SANITATION"
30,"Wednesday","SANITATION"
12,"Wednesday","SANITATION"
0,"Wednesday","SANITATION"
9,"Wednesday","SANITATION"
9,"Wednesday","SANITATION"
10,"Friday","SANITATION"
23,"Friday","GROUNDS"
193,"Friday","GROUNDS"
23,"Friday","SANITATION"
25,"Monday","SANITATION"
28,"Monday","GROUNDS"
24,"Monday","SANITATION"
7,"Monday","SANITATION"
24,"Tuesday","SANITATION"
22,"Tuesday","SANITATION"
15,"Tuesday","GROUNDS"
0,"Tuesday","SANITATION"
22,"Wednesday","SANITATION"
2,"Wednesday","SANITATION"
2,"Wednesday","SANITATION"
22,"Wednesday","SANITATION"
2,"Wednesday","SANITATION"
2,"Wednesday","SANITATION"
2,"Wednesday","SANITATION"
2,"Wednesday","SANITATION"
7,"Wednesday","SANITATION"
25,"Thursday","GROUNDS"
21,"Thursday","SANITATION"
20,"Thursday","SANITATION"
52,"Thursday","SANITATION"
4,"Thursday","SANITATION"
6,"Thursday","SANITATION"
21,"Thursday","SANITATION"
20,"Friday","SANITATION"
108,"Friday","GROUNDS"
2,"Monday","SANITATION"
9,"Tuesday","SANITATION"
16,"Tuesday","SANITATION"
10,"Thursday","SANITATION"
14,"Thursday","SANITATION"
14,"Thursday","SANITATION"
14,"Thursday","SANITATION"
6,"Thursday","SANITATION"
13,"Friday","SANITATION"
12,"Friday","SANITATION"
5,"Friday","SANITATION"
10,"Monday","GROUNDS"
9,"Wednesday","SANITATION"
9,"Wednesday","SANITATION"
8,"Wednesday","SANITATION"
5,"Thursday","SANITATION"
12,"Thursday","SANITATION"
7,"Thursday","SANITATION"
7,"Thursday","SANITATION"
3,"Thursday","GROUNDS"
6,"Friday","SANITATION"
11,"Friday","SANITATION"
6,"Saturday","SANITATION"
4,"Sunday","SANITATION"
21,"Monday","SANITATION"
6,"Monday","SANITATION"
3,"Monday","SANITATION"
6,"Monday","SANITATION"
56,"Monday","GROUNDS"
3,"Tuesday","SANITATION"
7,"Tuesday","SANITATION"
7,"Wednesday","SANITATION"
6,"Wednesday","SANITATION"
6,"Wednesday","SANITATION"
6,"Wednesday","SANITATION"
6,"Wednesday","SANITATION"
7,"Thursday","SANITATION"
7,"Thursday","SANITATION"
7,"Thursday","SANITATION"
4,"Thursday","SANITATION"
12,"Thursday","SANITATION"
3,"Thursday","SANITATION"
3,"Thursday","SANITATION"
3,"Thursday","SANITATION"
3,"Thursday","SANITATION"
3,"Thursday","SANITATION"
5,"Thursday","SANITATION"
3,"Friday","SANITATION"
161,"Friday","GROUNDS"
3,"Friday","SANITATION"
52,"Friday","GROUNDS"
2,"Friday","SANITATION"
205,"Friday","GROUNDS"
2,"Saturday","SANITATION"
2,"Saturday","SANITATION"
0,"Monday","SANITATION"
6,"Monday","SANITATION"
6,"Monday","SANITATION"
30,"Monday","GROUNDS"
0,"Monday","SANITATION"
2,"Monday","SANITATION"
16,"Monday","GROUNDS"
0,"Monday","SANITATION"
2,"Monday","SANITATION"
1,"Monday","SANITATION"
8,"Tuesday","GROUNDS"
74,"Tuesday","GROUNDS"
1,"Tuesday","SANITATION"
0,"Tuesday","SANITATION"
0,"Wednesday","SANITATION"
164,"Wednesday","GROUNDS"
0,"Wednesday","SANITATION"
22,"Wednesday","SANITATION"
0,"Wednesday","SANITATION"
0,"Thursday","SANITATION"
0,"Thursday","SANITATION"
0,"Thursday","SANITATION"
0,"Thursday","SANITATION"
27,"Thursday","GROUNDS"
0,"Thursday","SANITATION"
20,"Thursday","SANITATION"
27,"Friday","SANITATION"
0,"Friday","SANITATION"
20,"Friday","GROUNDS"
44,"Sunday","GROUNDS"
14,"Monday","SANITATION"
14,"Monday","SANITATION"
9,"Monday","SANITATION"
13,"Monday","SANITATION"
155,"Monday","GROUNDS"
13,"Monday","SANITATION"
13,"Tuesday","SANITATION"
16,"Tuesday","SANITATION"
0,"Wednesday","SANITATION"
15,"Wednesday","SANITATION"
0,"Wednesday","SANITATION"
5,"Wednesday","SANITATION"
14,"Thursday","SANITATION"
10,"Thursday","SANITATION"
14,"Thursday","SANITATION"
13,"Thursday","SANITATION"
10,"Thursday","SANITATION"
66,"Thursday","GROUNDS"
10,"Thursday","SANITATION"
10,"Thursday","SANITATION"
9,"Friday","SANITATION"
9,"Friday","SANITATION"
9,"Friday","SANITATION"
16,"Friday","SANITATION"
12,"Friday","SANITATION"
12,"Friday","SANITATION"
14,"Monday","SANITATION"
13,"Monday","SANITATION"
13,"Monday","SANITATION"
15,"Tuesday","SANITATION"
15,"Tuesday","SANITATION"
15,"Tuesday","SANITATION"
15,"Tuesday","SANITATION"
15,"Tuesday","SANITATION"
1,"Tuesday","SANITATION"
55,"Tuesday","GROUNDS"
12,"Tuesday","SANITATION"
4,"Wednesday","SANITATION"
4,"Thursday","SANITATION"
4,"Thursday","SANITATION"
13,"Friday","SANITATION"
9,"Friday","SANITATION"
146,"Friday","GROUNDS"
49,"Sunday","GROUNDS"
136,"Sunday","GROUNDS"
1,"Monday","SANITATION"
2,"Monday","SANITATION"
181,"Monday","GROUNDS"
40,"Tuesday","GROUNDS"
8,"Tuesday","SANITATION"
7,"Wednesday","SANITATION"
7,"Wednesday","SANITATION"
33,"Wednesday","SANITATION"
7,"Wednesday","SANITATION"
25,"Wednesday","SANITATION"
7,"Wednesday","SANITATION"
7,"Wednesday","SANITATION"
6,"Wednesday","SANITATION"
206,"Thursday","GROUNDS"
5,"Friday","SANITATION"
9,"Friday","SANITATION"
23,"Friday","SANITATION"
7,"Monday","SANITATION"
8,"Tuesday","SANITATION"
135,"Tuesday","GROUNDS"
34,"Wednesday","SANITATION"
19,"Thursday","SANITATION"
6,"Thursday","SANITATION"
43,"Saturday","BLIGHT"
1,"Monday","SANITATION"
23,"Monday","SANITATION"
6,"Monday","SANITATION"
1,"Tuesday","SANITATION"
5,"Tuesday","SANITATION"
6,"Tuesday","SANITATION"
5,"Wednesday","SANITATION"
38,"Wednesday","SANITATION"
8,"Wednesday","SANITATION"
9,"Wednesday","SANITATION"
8,"Wednesday","SANITATION"
1,"Wednesday","SANITATION"
5,"Wednesday","SANITATION"
0,"Wednesday","SANITATION"
7,"Thursday","SANITATION"
3,"Thursday","SANITATION"
21,"Friday","SANITATION"
9,"Friday","SANITATION"
5,"Friday","SANITATION"
7,"Sunday","SANITATION"
37,"Monday","GROUNDS"
6,"Monday","SANITATION"
1,"Monday","SANITATION"
6,"Monday","SANITATION"
176,"Tuesday","GROUNDS"
6,"Tuesday","SANITATION"
4,"Wednesday","SANITATION"
21,"Wednesday","SANITATION"
5,"Wednesday","SANITATION"
16,"Wednesday","SANITATION"
5,"Wednesday","SANITATION"
13,"Thursday","SANITATION"
6,"Thursday","SANITATION"
10,"Thursday","SANITATION"
19,"Thursday","SANITATION"
9,"Friday","SANITATION"
25,"Friday","SANITATION"
9,"Friday","GROUNDS"
16,"Monday","SANITATION"
6,"Monday","SANITATION"
1,"Monday","SANITATION"
0,"Tuesday","SANITATION"
0,"Tuesday","SANITATION"
2,"Tuesday","SANITATION"
14,"Tuesday","SANITATION"
0,"Tuesday","SANITATION"
7,"Tuesday","SANITATION"
151,"Wednesday","GROUNDS"
8,"Thursday","SANITATION"
20,"Thursday","SANITATION"
155,"Thursday","GROUNDS"
32,"Thursday","GROUNDS"
3,"Friday","SANITATION"
5,"Friday","SANITATION"
3,"Friday","SANITATION"
17,"Friday","SANITATION"
100,"Tuesday","GROUNDS"
20,"Tuesday","SANITATION"
18,"Thursday","SANITATION"
11,"Thursday","SANITATION"
103,"Thursday","GROUNDS"
96,"Friday","GROUNDS"
355,"Friday","GROUNDS"
355,"Friday","GROUNDS"
228,"Friday","GROUNDS"
10,"Monday","SANITATION"
0,"Monday","SANITATION"
30,"Tuesday","GROUNDS"
15,"Tuesday","SANITATION"
6,"Tuesday","SANITATION"
6,"Tuesday","SANITATION"
1,"Tuesday","SANITATION"
1,"Tuesday","SANITATION"
5,"Thursday","SANITATION"
5,"Thursday","SANITATION"
5,"Thursday","SANITATION"
5,"Thursday","SANITATION"
5,"Thursday","SANITATION"
91,"Thursday","GROUNDS"
66,"Thursday","GROUNDS"
20,"Friday","GROUNDS"
4,"Friday","SANITATION"
3,"Friday","SANITATION"
7,"Friday","GROUNDS"
3,"Saturday","SANITATION"
13,"Monday","SANITATION"
7,"Monday","SANITATION"
0,"Tuesday","SANITATION"
0,"Wednesday","SANITATION"
1,"Thursday","SANITATION"
9,"Friday","GROUNDS"
5,"Friday","SANITATION"
60,"Friday","GROUNDS"
2,"Monday","SANITATION"
2,"Monday","SANITATION"
2,"Monday","SANITATION"
2,"Monday","SANITATION"
2,"Monday","SANITATION"
2,"Monday","SANITATION"
2,"Monday","SANITATION"
3,"Monday","SANITATION"
22,"Tuesday","SANITATION"
0,"Wednesday","SANITATION"
3,"Thursday","SANITATION"
18,"Friday","GROUNDS"
0,"Friday","SANITATION"
4,"Friday","SANITATION"
3,"Saturday","SANITATION"
15,"Tuesday","SANITATION"
3,"Thursday","GROUNDS"
13,"Friday","SANITATION"
62,"Friday","SANITATION"
1,"Saturday","SANITATION"
13,"Monday","SANITATION"
12,"Tuesday","SANITATION"
13,"Wednesday","SANITATION"
30,"Wednesday","SANITATION"
12,"Thursday","SANITATION"
12,"Thursday","SANITATION"
11,"Thursday","SANITATION"
38,"Thursday","GROUNDS"
72,"Thursday","GROUNDS"
13,"Thursday","SANITATION"
6,"Friday","SANITATION"
128,"Friday","GROUNDS"
152,"Friday","GROUNDS"
61,"Friday","GROUNDS"
61,"Friday","GROUNDS"
1,"Monday","GROUNDS"
24,"Tuesday","SANITATION"
23,"Friday","GROUNDS"
2,"Friday","SANITATION"
21,"Friday","SANITATION"
13,"Monday","GROUNDS"
1,"Monday","SANITATION"
10,"Monday","SANITATION"
0,"Monday","SANITATION"
1,"Tuesday","SANITATION"
17,"Tuesday","SANITATION"
44,"Tuesday","SANITATION"
27,"Wednesday","GROUNDS"
49,"Wednesday","GROUNDS"
15,"Monday","GROUNDS"
9,"Wednesday","SANITATION"
0,"Wednesday","SANITATION"
145,"Wednesday","GROUNDS"
155,"Monday","GROUNDS"
13,"Wednesday","SANITATION"
34,"Wednesday","GROUNDS"
10,"Thursday","GROUNDS"
10,"Thursday","GROUNDS"
2,"Friday","SANITATION"
19,"Friday","SANITATION"
12,"Friday","SANITATION"
14,"Monday","SANITATION"
7,"Monday","SANITATION"
9,"Monday","SANITATION"
6,"Monday","SANITATION"
7,"Monday","SANITATION"
13,"Tuesday","SANITATION"
6,"Tuesday","SANITATION"
6,"Tuesday","SANITATION"
4,"Wednesday","SANITATION"
13,"Thursday","GROUNDS"
93,"Friday","GROUNDS"
6,"Friday","SANITATION"
5,"Friday","SANITATION"
89,"Tuesday","GROUNDS"
79,"Wednesday","GROUNDS"
3,"Thursday","SANITATION"
0,"Thursday","SANITATION"
6,"Thursday","SANITATION"
7,"Monday","GROUNDS"
7,"Monday","GROUNDS"
9,"Tuesday","SANITATION"
0,"Friday","SANITATION"
0,"Friday","SANITATION"
18,"Friday","GROUNDS"
11,"Tuesday","SANITATION"
4,"Friday","SANITATION"
3,"Friday","SANITATION"
2,"Monday","SANITATION"
5,"Monday","SANITATION"
2,"Monday","SANITATION"
0,"Monday","SANITATION"
4,"Tuesday","SANITATION"
47,"Tuesday","GROUNDS"
6,"Thursday","SANITATION"
6,"Thursday","SANITATION"
10,"Friday","SANITATION"
57,"Monday","GROUNDS"
2,"Tuesday","SANITATION"
2,"Wednesday","SANITATION"
56,"Wednesday","GROUNDS"
2,"Wednesday","SANITATION"
1,"Thursday","SANITATION"
4,"Thursday","GROUNDS"
1,"Thursday","SANITATION"
6,"Thursday","GROUNDS"
5,"Friday","SANITATION"
12,"Friday","SANITATION"
9,"Monday","SANITATION"
44,"Tuesday","GROUNDS"
285,"Wednesday","GROUNDS"
3,"Thursday","SANITATION"
3,"Thursday","SANITATION"
0,"Monday","SANITATION"
1,"Monday","SANITATION"
9,"Tuesday","SANITATION"
264,"Wednesday","GROUNDS"
332,"Thursday","GROUNDS"
5,"Friday","SANITATION"
32,"Friday","GROUNDS"
1,"Saturday","GROUNDS"
2,"Monday","SANITATION"
3,"Monday","SANITATION"
3,"Monday","SANITATION"
8,"Monday","SANITATION"
4,"Monday","SANITATION"
0,"Wednesday","SANITATION"
83,"Wednesday","GROUNDS"
0,"Wednesday","GROUNDS"
14,"Wednesday","SANITATION"
1,"Wednesday","SANITATION"
0,"Wednesday","SANITATION"
4,"Wednesday","GROUNDS"
0,"Thursday","SANITATION"
12,"Thursday","GROUNDS"
5,"Thursday","SANITATION"
5,"Friday","SANITATION"
3,"Saturday","SANITATION"
11,"Saturday","SANITATION"
1,"Sunday","SANITATION"
321,"Tuesday","SANITATION"
2,"Tuesday","GROUNDS"
1,"Wednesday","SANITATION"
6,"Thursday","SANITATION"
8,"Monday","SANITATION"
2,"Monday","SANITATION"
8,"Wednesday","SANITATION"
8,"Wednesday","SANITATION"
7,"Thursday","SANITATION"
14,"Thursday","SANITATION"
7,"Thursday","SANITATION"
7,"Thursday","SANITATION"
7,"Thursday","SANITATION"
7,"Thursday","SANITATION"
5,"Thursday","SANITATION"
5,"Thursday","SANITATION"
6,"Friday","SANITATION"
4,"Friday","SANITATION"
4,"Friday","SANITATION"
2,"Saturday","SANITATION"
2,"Saturday","SANITATION"
2,"Saturday","SANITATION"
2,"Saturday","SANITATION"
2,"Saturday","SANITATION"
2,"Saturday","SANITATION"
2,"Sunday","SANITATION"
3,"Monday","SANITATION"
1,"Monday","SANITATION"
3,"Monday","SANITATION"
0,"Monday","SANITATION"
3,"Tuesday","SANITATION"
1,"Tuesday","SANITATION"
2,"Tuesday","SANITATION"
2,"Wednesday","SANITATION"
75,"Wednesday","GROUNDS"
4,"Wednesday","SANITATION"
42,"Thursday","GROUNDS"
3,"Thursday","SANITATION"
14,"Friday","SANITATION"
0,"Friday","SANITATION"
1,"Sunday","SANITATION"
2,"Sunday","GROUNDS"
1,"Monday","SANITATION"
0,"Monday","SANITATION"
224,"Monday","GROUNDS"
58,"Monday","GROUNDS"
55,"Wednesday","GROUNDS"
62,"Wednesday","GROUNDS"
1,"Wednesday","SANITATION"
7,"Thursday","SANITATION"
0,"Thursday","SANITATION"
0,"Thursday","SANITATION"
6,"Friday","SANITATION"
6,"Friday","SANITATION"
38,"Monday","GROUNDS"
60,"Monday","GROUNDS"
11,"Monday","SANITATION"
52,"Monday","GROUNDS"
4,"Tuesday","SANITATION"
0,"Tuesday","SANITATION"
7,"Tuesday","SANITATION"
6,"Tuesday","SANITATION"
3,"Wednesday","SANITATION"
7,"Wednesday","SANITATION"
7,"Wednesday","SANITATION"
0,"Thursday","SANITATION"
0,"Thursday","SANITATION"
0,"Thursday","SANITATION"
0,"Thursday","SANITATION"
1,"Thursday","SANITATION"
53,"Friday","GROUNDS"
32,"Friday","GROUNDS"
0,"Friday","SANITATION"
0,"Friday","SANITATION"
22,"Tuesday","SANITATION"
5,"Wednesday","SANITATION"
217,"Thursday","GROUNDS"
3,"Friday","SANITATION"
1,"Monday","SANITATION"
0,"Monday","SANITATION"
0,"Monday","SANITATION"
34,"Monday","SANITATION"
33,"Tuesday","GROUNDS"
0,"Tuesday","SANITATION"
33,"Tuesday","GROUNDS"
33,"Tuesday","GROUNDS"
9,"Wednesday","SANITATION"
32,"Thursday","SANITATION"
25,"Thursday","SANITATION"
25,"Friday","SANITATION"
5,"Friday","SANITATION"
4,"Friday","SANITATION"
24,"Monday","SANITATION"
21,"Monday","SANITATION"
42,"Wednesday","SANITATION"
19,"Thursday","SANITATION"
7,"Thursday","SANITATION"
1,"Thursday","SANITATION"
0,"Friday","SANITATION"
10,"Monday","SANITATION"
2,"Monday","SANITATION"
2,"Monday","SANITATION"
16,"Monday","SANITATION"
15,"Monday","SANITATION"
2,"Wednesday","SANITATION"
25,"Thursday","SANITATION"
6,"Friday","SANITATION"
3,"Thursday","SANITATION"
6,"Saturday","SANITATION"
6,"Thursday","SANITATION"
0,"Thursday","SANITATION"
0,"Thursday","SANITATION"
7,"Friday","SANITATION"
17,"Friday","SANITATION"
8,"Saturday","SANITATION"
3,"Monday","SANITATION"
6,"Tuesday","SANITATION"
9,"Tuesday","SANITATION"
2,"Wednesday","SANITATION"
7,"Wednesday","SANITATION"
1,"Wednesday","SANITATION"
7,"Wednesday","SANITATION"
14,"Thursday","SANITATION"
17,"Monday","GROUNDS"
11,"Monday","SANITATION"
20,"Monday","SANITATION"
24,"Monday","SANITATION"
16,"Tuesday","SANITATION"
188,"Tuesday","GROUNDS"
188,"Tuesday","SANITATION"
8,"Wednesday","SANITATION"
7,"Wednesday","SANITATION"
11,"Thursday","SANITATION"
18,"Thursday","SANITATION"
6,"Thursday","SANITATION"
6,"Thursday","SANITATION"
13,"Friday","SANITATION"
17,"Friday","SANITATION"
16,"Friday","SANITATION"
7,"Monday","SANITATION"
2,"Monday","SANITATION"
13,"Monday","SANITATION"
1,"Monday","SANITATION"
5,"Tuesday","SANITATION"
20,"Tuesday","GROUNDS"
8,"Tuesday","SANITATION"
12,"Tuesday","SANITATION"
0,"Tuesday","SANITATION"
8,"Wednesday","GROUNDS"
12,"Wednesday","SANITATION"
7,"Wednesday","SANITATION"
7,"Wednesday","SANITATION"
7,"Thursday","SANITATION"
11,"Thursday","SANITATION"
15,"Thursday","SANITATION"
6,"Thursday","SANITATION"
172,"Thursday","GROUNDS"
6,"Friday","SANITATION"
13,"Friday","SANITATION"
9,"Friday","SANITATION"
3,"Friday","SANITATION"
17,"Friday","SANITATION"
3,"Friday","SANITATION"
6,"Monday","SANITATION"
160,"Monday","GROUNDS"
6,"Monday","SANITATION"
6,"Monday","SANITATION"
10,"Tuesday","SANITATION"
13,"Tuesday","SANITATION"
0,"Tuesday","SANITATION"
8,"Tuesday","SANITATION"
13,"Tuesday","SANITATION"
0,"Tuesday","SANITATION"
0,"Tuesday","SANITATION"
9,"Tuesday","SANITATION"
9,"Tuesday","SANITATION"
9,"Tuesday","SANITATION"
9,"Tuesday","SANITATION"
2,"Tuesday","SANITATION"
12,"Tuesday","SANITATION"
8,"Wednesday","SANITATION"
159,"Wednesday","GROUNDS"
14,"Wednesday","SANITATION"
6,"Wednesday","SANITATION"
7,"Thursday","SANITATION"
0,"Thursday","SANITATION"
0,"Friday","SANITATION"
6,"Friday","SANITATION"
7,"Tuesday","SANITATION"
57,"Tuesday","GROUNDS"
10,"Tuesday","SANITATION"
6,"Tuesday","SANITATION"
6,"Tuesday","GROUNDS"
6,"Tuesday","SANITATION"
7,"Tuesday","SANITATION"
0,"Wednesday","SANITATION"
12,"Wednesday","SANITATION"
5,"Wednesday","SANITATION"
5,"Thursday","SANITATION"
4,"Thursday","SANITATION"
4,"Thursday","SANITATION"
185,"Thursday","GROUNDS"
4,"Thursday","SANITATION"
3,"Thursday","SANITATION"
3,"Thursday","SANITATION"
3,"Thursday","SANITATION"
4,"Thursday","GROUNDS"
3,"Friday","SANITATION"
5,"Friday","SANITATION"
6,"Friday","GROUNDS"
6,"Friday","GROUNDS"
5,"Friday","SANITATION"
1,"Sunday","SANITATION"
7,"Sunday","SANITATION"
7,"Sunday","SANITATION"
9,"Monday","SANITATION"
2,"Monday","SANITATION"
1,"Monday","SANITATION"
1,"Wednesday","SANITATION"
0,"Wednesday","GROUNDS"
6,"Wednesday","GROUNDS"
1,"Wednesday","GROUNDS"
11,"Wednesday","SANITATION"
140,"Wednesday","GROUNDS"
1,"Wednesday","SANITATION"
1,"Thursday","SANITATION"
4,"Thursday","SANITATION"
11,"Thursday","SANITATION"
1,"Thursday","SANITATION"
293,"Thursday","GROUNDS"
4,"Thursday","SANITATION"
4,"Friday","SANITATION"
10,"Friday","SANITATION"
2,"Sunday","SANITATION"
7,"Monday","SANITATION"
6,"Tuesday","SANITATION"
27,"Tuesday","SANITATION"
110,"Tuesday","GROUNDS"
3,"Tuesday","SANITATION"
6,"Tuesday","SANITATION"
2,"Wednesday","SANITATION"
18,"Thursday","SANITATION"
12,"Thursday","SANITATION"
3,"Friday","SANITATION"
18,"Friday","SANITATION"
193,"Friday","GROUNDS"
0,"Friday","SANITATION"
137,"Saturday","GROUNDS"
2,"Monday","SANITATION"
0,"Monday","SANITATION"
84,"Monday","GROUNDS"
2,"Monday","GROUNDS"
2,"Wednesday","SANITATION"
19,"Wednesday","SANITATION"
7,"Wednesday","SANITATION"
10,"Thursday","SANITATION"
126,"Thursday","GROUNDS"
87,"Friday","GROUNDS"
9,"Friday","SANITATION"
9,"Friday","SANITATION"
11,"Saturday","SANITATION"
16,"Monday","SANITATION"
15,"Monday","SANITATION"
15,"Tuesday","SANITATION"
8,"Tuesday","GROUNDS"
48,"Tuesday","GROUNDS"
8,"Tuesday","SANITATION"
138,"Wednesday","GROUNDS"
22,"Thursday","SANITATION"
5,"Thursday","SANITATION"
5,"Thursday","SANITATION"
4,"Thursday","SANITATION"
13,"Thursday","SANITATION"
10,"Friday","SANITATION"
24,"Friday","GROUNDS"
9,"Friday","SANITATION"
6,"Monday","SANITATION"
9,"Monday","SANITATION"
101,"Tuesday","GROUNDS"
117,"Tuesday","GROUNDS"
7,"Wednesday","SANITATION"
13,"Wednesday","SANITATION"
11,"Wednesday","SANITATION"
11,"Thursday","SANITATION"
12,"Thursday","SANITATION"
10,"Thursday","GROUNDS"
13,"Friday","SANITATION"
19,"Saturday","SANITATION"
1,"Sunday","SANITATION"
44,"Monday","GROUNDS"
8,"Monday","SANITATION"
8,"Monday","SANITATION"
11,"Monday","SANITATION"
2,"Monday","SANITATION"
9,"Monday","GROUNDS"
2,"Monday","SANITATION"
7,"Monday","SANITATION"
7,"Monday","SANITATION"
6,"Monday","SANITATION"
6,"Tuesday","SANITATION"
3,"Tuesday","SANITATION"
7,"Wednesday","SANITATION"
5,"Wednesday","SANITATION"
6,"Wednesday","SANITATION"
5,"Wednesday","SANITATION"
0,"Wednesday","SANITATION"
13,"Thursday","SANITATION"
14,"Thursday","SANITATION"
80,"Thursday","GROUNDS"
5,"Thursday","SANITATION"
10,"Thursday","SANITATION"
13,"Friday","SANITATION"
5,"Friday","SANITATION"
2,"Monday","SANITATION"
7,"Monday","GROUNDS"
0,"Monday","SANITATION"
10,"Monday","SANITATION"
10,"Monday","SANITATION"
6,"Tuesday","SANITATION"
6,"Tuesday","SANITATION"
1,"Tuesday","SANITATION"
8,"Tuesday","SANITATION"
0,"Wednesday","SANITATION"
6,"Wednesday","SANITATION"
7,"Wednesday","SANITATION"
7,"Wednesday","SANITATION"
8,"Wednesday","SANITATION"
1,"Thursday","SANITATION"
7,"Thursday","SANITATION"
7,"Thursday","SANITATION"
12,"Thursday","SANITATION"
6,"Thursday","SANITATION"
98,"Thursday","GROUNDS"
6,"Friday","SANITATION"
6,"Friday","SANITATION"
6,"Friday","SANITATION"
6,"Friday","SANITATION"
5,"Friday","SANITATION"
5,"Friday","SANITATION"
3,"Friday","SANITATION"
2,"Monday","SANITATION"
4,"Monday","SANITATION"
8,"Monday","SANITATION"
3,"Tuesday","SANITATION"
1,"Tuesday","SANITATION"
8,"Tuesday","SANITATION"
7,"Tuesday","SANITATION"
189,"Wednesday","GROUNDS"
1,"Wednesday","SANITATION"
1,"Wednesday","GROUNDS"
5,"Thursday","SANITATION"
7,"Thursday","SANITATION"
13,"Thursday","SANITATION"
10,"Thursday","SANITATION"
0,"Thursday","SANITATION"
4,"Friday","SANITATION"
6,"Friday","SANITATION"
7,"Friday","SANITATION"
5,"Friday","SANITATION"
4,"Friday","SANITATION"
7,"Friday","SANITATION"
2,"Saturday","GROUNDS"
4,"Monday","SANITATION"
3,"Monday","SANITATION"
6,"Tuesday","SANITATION"
6,"Tuesday","GROUNDS"
107,"Wednesday","GROUNDS"
106,"Wednesday","GROUNDS"
7,"Wednesday","SANITATION"
96,"Wednesday","GROUNDS"
2,"Wednesday","SANITATION"
2,"Wednesday","SANITATION"
6,"Wednesday","SANITATION"
6,"Wednesday","SANITATION"
4,"Thursday","SANITATION"
1,"Thursday","SANITATION"
10,"Friday","SANITATION"
10,"Friday","SANITATION"
3,"Friday","SANITATION"
59,"Friday","GROUNDS"
8,"Sunday","SANITATION"
8,"Monday","SANITATION"
7,"Monday","SANITATION"
1,"Monday","SANITATION"
10,"Monday","SANITATION"
2,"Monday","SANITATION"
80,"Monday","GROUNDS"
80,"Monday","GROUNDS"
80,"Monday","GROUNDS"
0,"Monday","SANITATION"
7,"Tuesday","SANITATION"
9,"Tuesday","GROUNDS"
5,"Tuesday","SANITATION"
6,"Tuesday","SANITATION"
8,"Wednesday","SANITATION"
5,"Wednesday","SANITATION"
5,"Wednesday","GROUNDS"
8,"Thursday","GROUNDS"
5,"Thursday","SANITATION"
5,"Thursday","SANITATION"
52,"Thursday","GROUNDS"
10,"Friday","SANITATION"
16,"Friday","SANITATION"
3,"Monday","SANITATION"
7,"Monday","SANITATION"
8,"Monday","GROUNDS"
8,"Monday","SANITATION"
1,"Wednesday","SANITATION"
16,"Wednesday","GROUNDS"
9,"Wednesday","SANITATION"
6,"Wednesday","SANITATION"
183,"Wednesday","GROUNDS"
4,"Thursday","SANITATION"
81,"Thursday","GROUNDS"
5,"Thursday","SANITATION"
8,"Thursday","SANITATION"
4,"Friday","SANITATION"
6,"Friday","SANITATION"
7,"Monday","GROUNDS"
8,"Monday","SANITATION"
7,"Monday","SANITATION"
6,"Wednesday","SANITATION"
70,"Wednesday","GROUNDS"
0,"Wednesday","SANITATION"
5,"Thursday","SANITATION"
11,"Thursday","GROUNDS"
12,"Thursday","GROUNDS"
4,"Thursday","SANITATION"
14,"Thursday","SANITATION"
4,"Thursday","SANITATION"
21,"Friday","SANITATION"
0,"Friday","SANITATION"
0,"Friday","SANITATION"
0,"Friday","SANITATION"
23,"Saturday","GROUNDS"
4,"Saturday","SANITATION"
1,"Monday","SANITATION"
7,"Monday","SANITATION"
1,"Monday","SANITATION"
3,"Tuesday","SANITATION"
9,"Tuesday","SANITATION"
6,"Wednesday","GROUNDS"
3,"Wednesday","SANITATION"
2,"Thursday","SANITATION"
61,"Thursday","GROUNDS"
7,"Friday","SANITATION"
7,"Friday","GROUNDS"
6,"Friday","GROUNDS"
6,"Friday","GROUNDS"
6,"Friday","GROUNDS"
2,"Tuesday","SANITATION"
28,"Wednesday","GROUNDS"
0,"Wednesday","SANITATION"
7,"Thursday","GROUNDS"
6,"Thursday","SANITATION"
64,"Thursday","GROUNDS"
64,"Thursday","GROUNDS"
0,"Thursday","SANITATION"
97,"Friday","SANITATION"
0,"Friday","SANITATION"
6,"Friday","GROUNDS"
55,"Friday","GROUNDS"
0,"Friday","SANITATION"
10,"Friday","SANITATION"
0,"Friday","SANITATION"
9,"Friday","SANITATION"
7,"Friday","SANITATION"
5,"Sunday","SANITATION"
2,"Tuesday","SANITATION"
1,"Tuesday","SANITATION"
1,"Tuesday","SANITATION"
2,"Wednesday","SANITATION"
65,"Wednesday","GROUNDS"
8,"Wednesday","SANITATION"
144,"Wednesday","GROUNDS"
25,"Thursday","GROUNDS"
1,"Thursday","SANITATION"
1,"Thursday","SANITATION"
4,"Friday","GROUNDS"
41,"Friday","GROUNDS"
0,"Friday","SANITATION"
0,"Friday","SANITATION"
45,"Monday","GROUNDS"
1,"Monday","SANITATION"
1,"Tuesday","SANITATION"
7,"Tuesday","SANITATION"
55,"Wednesday","GROUNDS"
1,"Wednesday","SANITATION"
48,"Wednesday","GROUNDS"
53,"Thursday","GROUNDS"
36,"Thursday","GROUNDS"
0,"Thursday","SANITATION"
1,"Thursday","SANITATION"
4,"Friday","SANITATION"
34,"Friday","GROUNDS"
127,"Sunday","GROUNDS"
1,"Monday","SANITATION"
1,"Monday","SANITATION"
1,"Monday","SANITATION"
4,"Wednesday","SANITATION"
16,"Wednesday","GROUNDS"
148,"Wednesday","GROUNDS"
6,"Thursday","SANITATION"
28,"Thursday","GROUNDS"
1,"Monday","SANITATION"
37,"Monday","GROUNDS"
131,"Wednesday","GROUNDS"
46,"Wednesday","GROUNDS"
1,"Wednesday","SANITATION"
3,"Thursday","SANITATION"
4,"Thursday","GROUNDS"
4,"Thursday","GROUNDS"
4,"Thursday","GROUNDS"
4,"Thursday","GROUNDS"
28,"Monday","GROUNDS"
1,"Tuesday","SANITATION"
0,"Tuesday","SANITATION"
1,"Wednesday","SANITATION"
1,"Wednesday","SANITATION"
13,"Thursday","GROUNDS"
1,"Thursday","SANITATION"
0,"Thursday","SANITATION"
6,"Friday","SANITATION"
0,"Monday","SANITATION"
2,"Monday","SANITATION"
8,"Monday","SANITATION"
130,"Thursday","GROUNDS"
0,"Friday","SANITATION"
42,"Monday","SANITATION"
0,"Tuesday","SANITATION"
0,"Tuesday","SANITATION"
0,"Monday","SANITATION"
0,"Wednesday","SANITATION"
8,"Thursday","GROUNDS"
0,"Friday","SANITATION"
2,"Tuesday","GROUNDS"
0,"Tuesday","SANITATION"
3,"Thursday","SANITATION"
0,"Thursday","SANITATION"
68,"Friday","GROUNDS"
74,"Friday","GROUNDS"
2,"Monday","SANITATION"
23,"Monday","GROUNDS"
93,"Wednesday","GROUNDS"
0,"Thursday","SANITATION"
0,"Thursday","SANITATION"
6,"Monday","SANITATION"
0,"Tuesday","SANITATION"
5,"Tuesday","SANITATION"
6,"Wednesday","SANITATION"
9,"Monday","GROUNDS"
6,"Monday","SANITATION"
1,"Monday","SANITATION"
4,"Wednesday","GROUNDS"
1,"Wednesday","SANITATION"
1,"Wednesday","SANITATION"
1,"Wednesday","SANITATION"
4,"Friday","BLIGHT"
2,"Friday","SANITATION"
0,"Monday","SANITATION"
0,"Monday","SANITATION"
0,"Tuesday","SANITATION"
8,"Wednesday","GROUNDS"
7,"Sunday","GROUNDS"
1,"Monday","SANITATION"
0,"Monday","SANITATION"
1,"Wednesday","SANITATION"
1,"Thursday","SANITATION"
3,"Saturday","SANITATION"
1,"Monday","SANITATION"
2,"Monday","SANITATION"
1,"Tuesday","SANITATION"
8,"Monday","SANITATION"
30,"Monday","GROUNDS"
2,"Friday","SANITATION"
1,"Tuesday","SANITATION"
6,"Tuesday","GROUNDS"
64,"Tuesday","GROUNDS"
50,"Tuesday","GROUNDS"
50,"Tuesday","GROUNDS"
23,"Tuesday","GROUNDS"
54,"Tuesday","GROUNDS"
0,"Thursday","SANITATION"
2,"Friday","SANITATION"
4,"Friday","GROUNDS"
2,"Friday","SANITATION"
205,"Tuesday","GROUNDS"
0,"Thursday","SANITATION"
13,"Thursday","SANITATION"
3,"Thursday","SANITATION"
147,"Friday","GROUNDS"
0,"Tuesday","SANITATION"
8,"Tuesday","GROUNDS"
0,"Wednesday","GROUNDS"
0,"Thursday","SANITATION"
45,"Monday","GROUNDS"
8,"Monday","GROUNDS"
0,"Tuesday","SANITATION"
50,"Wednesday","GROUNDS"
0,"Friday","SANITATION"
0,"Monday","SANITATION"
1,"Wednesday","SANITATION"
5,"Friday","GROUNDS"
0,"Friday","SANITATION"
3,"Friday","SANITATION"
56,"Tuesday","GROUNDS"
0,"Thursday","SANITATION"
2,"Thursday","SANITATION"
0,"Wednesday","SANITATION"
8,"Wednesday","SANITATION"
0,"Wednesday","SANITATION"
0,"Thursday","SANITATION"
0,"Thursday","SANITATION"
0,"Thursday","SANITATION"
0,"Friday","SANITATION"
0,"Friday","SANITATION"
0,"Monday","SANITATION"
0,"Tuesday","SANITATION"
0,"Wednesday","SANITATION"
0,"Thursday","SANITATION"
0,"Thursday","SANITATION"
0,"Friday","SANITATION"
2,"Friday","SANITATION"
63,"Monday","GROUNDS"
0,"Monday","SANITATION"
9,"Monday","SANITATION"
0,"Monday","SANITATION"
1,"Tuesday","GROUNDS"
0,"Tuesday","SANITATION"
0,"Wednesday","SANITATION"
8,"Wednesday","SANITATION"
1,"Saturday","SANITATION"
2,"Saturday","GROUNDS"
0,"Monday","SANITATION"
0,"Monday","SANITATION"
9,"Monday","GROUNDS"
0,"Monday","SANITATION"
0,"Tuesday","SANITATION"
0,"Tuesday","SANITATION"
0,"Tuesday","SANITATION"
0,"Thursday","SANITATION"
0,"Thursday","SANITATION"
0,"Thursday","GROUNDS"
0,"Thursday","SANITATION"
0,"Thursday","SANITATION"
0,"Friday","SANITATION"
78,"Sunday","GROUNDS"
6,"Monday","SANITATION"
1,"Tuesday","SANITATION"
41,"Tuesday","GROUNDS"
0,"Wednesday","SANITATION"
41,"Friday","GROUNDS"
213,"Monday","GROUNDS"
1,"Tuesday","SANITATION"
0,"Tuesday","SANITATION"
0,"Tuesday","SANITATION"
0,"Tuesday","SANITATION"
0,"Wednesday","SANITATION"
0,"Thursday","SANITATION"
0,"Thursday","SANITATION"
209,"Thursday","GROUNDS"
210,"Thursday","GROUNDS"
0,"Friday","SANITATION"
0,"Friday","SANITATION"
0,"Friday","SANITATION"
0,"Friday","SANITATION"
2,"Friday","SANITATION"
0,"Friday","SANITATION"
2,"Saturday","SANITATION"
2,"Saturday","SANITATION"
45,"Monday","GROUNDS"
1,"Monday","SANITATION"
0,"Monday","SANITATION"
0,"Monday","SANITATION"
0,"Tuesday","SANITATION"
0,"Wednesday","SANITATION"
0,"Thursday","SANITATION"
0,"Thursday","SANITATION"
0,"Friday","SANITATION"
0,"Friday","SANITATION"
6,"Friday","SANITATION"
0,"Friday","SANITATION"
0,"Monday","SANITATION"
0,"Monday","SANITATION"
0,"Monday","SANITATION"
0,"Tuesday","SANITATION"
0,"Tuesday","SANITATION"
0,"Tuesday","SANITATION"
0,"Tuesday","SANITATION"
0,"Wednesday","SANITATION"
0,"Friday","SANITATION"
0,"Friday","SANITATION"
0,"Friday","SANITATION"
0,"Friday","SANITATION"
0,"Friday","SANITATION"
0,"Friday","SANITATION"
0,"Saturday","SANITATION"
0,"Monday","SANITATION"
2,"Monday","SANITATION"
0,"Monday","SANITATION"
0,"Monday","SANITATION"
0,"Monday","SANITATION"
1,"Monday","SANITATION"
0,"Tuesday","SANITATION"
0,"Tuesday","SANITATION"
0,"Tuesday","SANITATION"
0,"Tuesday","SANITATION"
0,"Tuesday","SANITATION"
189,"Tuesday","GROUNDS"
0,"Friday","SANITATION"
0,"Friday","SANITATION"
2,"Friday","SANITATION"
1,"Sunday","SANITATION"
0,"Monday","SANITATION"
0,"Monday","SANITATION"
0,"Monday","SANITATION"
1,"Monday","SANITATION"
63,"Tuesday","GROUNDS"
0,"Tuesday","SANITATION"
0,"Tuesday","SANITATION"
96,"Thursday","SANITATION"
0,"Thursday","SANITATION"
0,"Thursday","SANITATION"
3,"Friday","SANITATION"
2,"Friday","SANITATION"
2,"Friday","SANITATION"
2,"Saturday","SANITATION"
15,"Monday","GROUNDS"
0,"Monday","SANITATION"
0,"Tuesday","SANITATION"
0,"Tuesday","SANITATION"
1,"Wednesday","SANITATION"
0,"Wednesday","SANITATION"
0,"Wednesday","SANITATION"
0,"Thursday","SANITATION"
0,"Friday","SANITATION"
4,"Friday","SANITATION"
2,"Sunday","SANITATION"
1,"Monday","SANITATION"
60,"Wednesday","GROUNDS"
0,"Friday","SANITATION"
0,"Friday","SANITATION"
0,"Monday","SANITATION"
0,"Monday","SANITATION"
20,"Monday","GROUNDS"
33,"Tuesday","GROUNDS"
0,"Tuesday","SANITATION"
0,"Tuesday","SANITATION"
0,"Wednesday","SANITATION"
0,"Wednesday","SANITATION"
1,"Wednesday","SANITATION"
18,"Wednesday","GROUNDS"
41,"Wednesday","GROUNDS"
56,"Wednesday","GROUNDS"
77,"Wednesday","GROUNDS"
0,"Thursday","SANITATION"
0,"Thursday","SANITATION"
0,"Thursday","SANITATION"
4,"Friday","SANITATION"
2,"Friday","SANITATION"
0,"Tuesday","SANITATION"
1,"Tuesday","SANITATION"
1,"Wednesday","SANITATION"
0,"Wednesday","SANITATION"
0,"Wednesday","SANITATION"
0,"Thursday","SANITATION"
0,"Thursday","SANITATION"
20,"Thursday","SANITATION"
0,"Thursday","SANITATION"
40,"Thursday","GROUNDS"
0,"Thursday","SANITATION"
0,"Thursday","SANITATION"
3,"Thursday","SANITATION"
7,"Thursday","GROUNDS"
0,"Thursday","SANITATION"
0,"Friday","SANITATION"
0,"Friday","SANITATION"
0,"Friday","SANITATION"
0,"Friday","SANITATION"
2,"Saturday","SANITATION"
2,"Saturday","SANITATION"
1,"Saturday","SANITATION"
0,"Saturday","SANITATION"
0,"Monday","SANITATION"
18,"Monday","SANITATION"
0,"Monday","SANITATION"
0,"Monday","SANITATION"
0,"Tuesday","GROUNDS"
0,"Tuesday","SANITATION"
0,"Tuesday","SANITATION"
0,"Tuesday","SANITATION"
0,"Wednesday","SANITATION"
7,"Wednesday","SANITATION"
5,"Thursday","SANITATION"
0,"Thursday","SANITATION"
4,"Thursday","SANITATION"
13,"Thursday","GROUNDS"
4,"Thursday","SANITATION"
6,"Thursday","SANITATION"
4,"Thursday","SANITATION"
6,"Thursday","SANITATION"
6,"Thursday","SANITATION"
7,"Friday","SANITATION"
13,"Friday","SANITATION"
12,"Friday","SANITATION"
13,"Friday","SANITATION"
56,"Friday","GROUNDS"
7,"Monday","SANITATION"
1,"Monday","SANITATION"
2,"Monday","SANITATION"
9,"Monday","SANITATION"
22,"Tuesday","GROUNDS"
8,"Tuesday","SANITATION"
0,"Tuesday","SANITATION"
70,"Tuesday","GROUNDS"
8,"Tuesday","SANITATION"
8,"Tuesday","SANITATION"
8,"Wednesday","SANITATION"
7,"Wednesday","SANITATION"
9,"Wednesday","SANITATION"
7,"Wednesday","SANITATION"
6,"Wednesday","SANITATION"
8,"Wednesday","SANITATION"
235,"Wednesday","GROUNDS"
20,"Wednesday","GROUNDS"
7,"Wednesday","SANITATION"
7,"Thursday","SANITATION"
7,"Thursday","SANITATION"
9,"Thursday","SANITATION"
6,"Thursday","SANITATION"
9,"Thursday","SANITATION"
9,"Thursday","SANITATION"
0,"Thursday","SANITATION"
6,"Thursday","SANITATION"
8,"Friday","SANITATION"
24,"Friday","SANITATION"
7,"Friday","SANITATION"
8,"Friday","SANITATION"
3,"Monday","SANITATION"
2,"Monday","SANITATION"
3,"Monday","SANITATION"
2,"Monday","SANITATION"
5,"Monday","SANITATION"
3,"Monday","SANITATION"
7,"Monday","SANITATION"
7,"Monday","SANITATION"
3,"Monday","SANITATION"
5,"Monday","SANITATION"
3,"Monday","SANITATION"
6,"Tuesday","SANITATION"
7,"Tuesday","GROUNDS"
3,"Wednesday","SANITATION"
1,"Wednesday","SANITATION"
19,"Wednesday","SANITATION"
1,"Wednesday","SANITATION"
2,"Wednesday","SANITATION"
0,"Thursday","SANITATION"
0,"Thursday","SANITATION"
3,"Thursday","SANITATION"
0,"Thursday","SANITATION"
3,"Thursday","SANITATION"
3,"Friday","SANITATION"
0,"Friday","SANITATION"
1,"Friday","SANITATION"
2,"Friday","SANITATION"
0,"Saturday","SANITATION"
0,"Saturday","SANITATION"
1,"Monday","SANITATION"
0,"Monday","SANITATION"
0,"Monday","SANITATION"
1,"Monday","SANITATION"
0,"Monday","SANITATION"
0,"Monday","SANITATION"
1,"Monday","SANITATION"
3,"Monday","GROUNDS"
0,"Monday","SANITATION"
0,"Monday","SANITATION"
0,"Monday","SANITATION"
0,"Monday","SANITATION"
0,"Monday","SANITATION"
0,"Monday","SANITATION"
0,"Monday","SANITATION"
15,"Monday","GROUNDS"
3,"Monday","GROUNDS"
0,"Monday","SANITATION"
1,"Tuesday","SANITATION"
2,"Tuesday","SANITATION"
8,"Tuesday","SANITATION"
13,"Tuesday","SANITATION"
6,"Tuesday","SANITATION"
16,"Tuesday","GROUNDS"
0,"Tuesday","SANITATION"
1,"Tuesday","SANITATION"
0,"Wednesday","SANITATION"
5,"Wednesday","SANITATION"
4,"Wednesday","SANITATION"
2,"Wednesday","SANITATION"
28,"Wednesday","GROUNDS"
4,"Wednesday","SANITATION"
0,"Wednesday","SANITATION"
1,"Wednesday","SANITATION"
13,"Thursday","SANITATION"
1,"Thursday","SANITATION"
0,"Thursday","SANITATION"
4,"Thursday","SANITATION"
4,"Friday","SANITATION"
2,"Friday","SANITATION"
20,"Friday","GROUNDS"
20,"Friday","GROUNDS"
5,"Friday","SANITATION"
2,"Friday","SANITATION"
2,"Friday","SANITATION"
6,"Tuesday","SANITATION"
0,"Tuesday","SANITATION"
1,"Tuesday","SANITATION"
2,"Tuesday","SANITATION"
0,"Wednesday","SANITATION"
1,"Wednesday","SANITATION"
5,"Wednesday","SANITATION"
6,"Wednesday","SANITATION"
1,"Thursday","SANITATION"
13,"Friday","SANITATION"
16,"Friday","GROUNDS"
1,"Monday","SANITATION"
0,"Wednesday","SANITATION"
168,"Wednesday","GROUNDS"
4,"Wednesday","SANITATION"
1,"Thursday","SANITATION"
1,"Thursday","SANITATION"
1,"Thursday","SANITATION"
4,"Friday","SANITATION"
2,"Friday","SANITATION"
0,"Friday","SANITATION"
2,"Friday","SANITATION"
98,"Sunday","GROUNDS"
6,"Monday","SANITATION"
55,"Monday","GROUNDS"
0,"Tuesday","SANITATION"
1,"Tuesday","SANITATION"
1,"Wednesday","SANITATION"
1,"Wednesday","SANITATION"
18,"Wednesday","SANITATION"
3,"Thursday","SANITATION"
5,"Thursday","SANITATION"
2,"Friday","SANITATION"
6,"Friday","SANITATION"
14,"Monday","SANITATION"
8,"Monday","SANITATION"
16,"Monday","SANITATION"
0,"Tuesday","SANITATION"
0,"Tuesday","SANITATION"
6,"Thursday","SANITATION"
5,"Thursday","SANITATION"
11,"Thursday","SANITATION"
3,"Thursday","SANITATION"
5,"Friday","SANITATION"
5,"Friday","SANITATION"
5,"Friday","SANITATION"
4,"Friday","SANITATION"
6,"Friday","SANITATION"
4,"Friday","SANITATION"
3,"Saturday","SANITATION"
3,"Saturday","SANITATION"
2,"Monday","SANITATION"
0,"Monday","SANITATION"
1,"Tuesday","SANITATION"
1,"Tuesday","SANITATION"
7,"Tuesday","SANITATION"
9,"Wednesday","SANITATION"
5,"Thursday","SANITATION"
6,"Thursday","SANITATION"
0,"Thursday","SANITATION"
0,"Thursday","SANITATION"
0,"Thursday","SANITATION"
7,"Thursday","SANITATION"
4,"Friday","SANITATION"
4,"Friday","SANITATION"
3,"Friday","SANITATION"
5,"Saturday","SANITATION"
3,"Monday","SANITATION"
3,"Monday","SANITATION"
2,"Monday","SANITATION"
11,"Monday","SANITATION"
0,"Monday","SANITATION"
0,"Monday","SANITATION"
0,"Monday","SANITATION"
1,"Monday","SANITATION"
2,"Tuesday","SANITATION"
7,"Tuesday","SANITATION"
153,"Tuesday","GROUNDS"
2,"Tuesday","SANITATION"
34,"Tuesday","SANITATION"
7,"Wednesday","SANITATION"
1,"Wednesday","SANITATION"
6,"Wednesday","SANITATION"
13,"Wednesday","SANITATION"
1,"Wednesday","SANITATION"
0,"Wednesday","SANITATION"
13,"Thursday","SANITATION"
4,"Thursday","SANITATION"
6,"Thursday","SANITATION"
4,"Thursday","SANITATION"
4,"Thursday","SANITATION"
13,"Thursday","SANITATION"
3,"Thursday","SANITATION"
1,"Thursday","SANITATION"
12,"Thursday","SANITATION"
2,"Friday","SANITATION"
2,"Friday","SANITATION"
2,"Friday","SANITATION"
8,"Monday","SANITATION"
9,"Monday","SANITATION"
2,"Monday","SANITATION"
8,"Monday","SANITATION"
0,"Monday","SANITATION"
0,"Monday","SANITATION"
0,"Monday","SANITATION"
1,"Tuesday","SANITATION"
1,"Tuesday","SANITATION"
1,"Tuesday","SANITATION"
27,"Tuesday","SANITATION"
2,"Tuesday","SANITATION"
0,"Tuesday","SANITATION"
6,"Wednesday","SANITATION"
6,"Wednesday","SANITATION"
5,"Wednesday","SANITATION"
7,"Wednesday","SANITATION"
6,"Wednesday","SANITATION"
6,"Wednesday","SANITATION"
5,"Friday","SANITATION"
4,"Friday","SANITATION"
4,"Friday","SANITATION"
4,"Friday","SANITATION"
4,"Saturday","SANITATION"
3,"Monday","SANITATION"
3,"Monday","SANITATION"
2,"Monday","SANITATION"
2,"Tuesday","SANITATION"
2,"Tuesday","SANITATION"
2,"Tuesday","SANITATION"
6,"Wednesday","SANITATION"
6,"Wednesday","SANITATION"
6,"Wednesday","SANITATION"
6,"Wednesday","SANITATION"
5,"Wednesday","SANITATION"
5,"Thursday","SANITATION"
5,"Thursday","SANITATION"
5,"Thursday","SANITATION"
0,"Thursday","GROUNDS"
19,"Thursday","SANITATION"
18,"Thursday","GROUNDS"
19,"Friday","SANITATION"
19,"Friday","SANITATION"
19,"Friday","SANITATION"
19,"Friday","SANITATION"
19,"Friday","SANITATION"
19,"Friday","SANITATION"
19,"Friday","SANITATION"
19,"Friday","SANITATION"
19,"Friday","SANITATION"
1,"Friday","SANITATION"
9,"Tuesday","SANITATION"
13,"Tuesday","SANITATION"
6,"Friday","SANITATION"
3,"Sunday","SANITATION"
1,"Wednesday","SANITATION"
0,"Thursday","SANITATION"
2,"Friday","SANITATION"
3,"Friday","SANITATION"
3,"Saturday","SANITATION"
1,"Monday","SANITATION"
1,"Monday","SANITATION"
1,"Monday","SANITATION"
0,"Monday","SANITATION"
0,"Tuesday","SANITATION"
0,"Tuesday","SANITATION"
0,"Tuesday","SANITATION"
41,"Wednesday","BLIGHT"
0,"Wednesday","SANITATION"
1,"Wednesday","SANITATION"
1,"Wednesday","SANITATION"
1,"Thursday","SANITATION"
1,"Thursday","SANITATION"
15,"Thursday","GROUNDS"
0,"Thursday","SANITATION"
0,"Friday","SANITATION"
0,"Friday","SANITATION"
0,"Friday","SANITATION"
2,"Friday","SANITATION"
3,"Friday","SANITATION"
0,"Monday","SANITATION"
1,"Tuesday","SANITATION"
0,"Tuesday","SANITATION"
6,"Wednesday","SANITATION"
5,"Wednesday","SANITATION"
5,"Thursday","SANITATION"
5,"Thursday","SANITATION"
5,"Thursday","SANITATION"
4,"Friday","GROUNDS"
3,"Friday","SANITATION"
3,"Friday","SANITATION"
3,"Friday","SANITATION"
2,"Sunday","SANITATION"
1,"Monday","SANITATION"
1,"Monday","SANITATION"
1,"Monday","SANITATION"
1,"Monday","SANITATION"
1,"Monday","SANITATION"
0,"Monday","SANITATION"
0,"Tuesday","SANITATION"
0,"Tuesday","SANITATION"
138,"Tuesday","GROUNDS"
0,"Wednesday","GROUNDS"
12,"Wednesday","SANITATION"
9,"Wednesday","SANITATION"
100,"Wednesday","GROUNDS"
18,"Wednesday","SANITATION"
18,"Wednesday","SANITATION"
8,"Wednesday","SANITATION"
8,"Thursday","SANITATION"
17,"Thursday","SANITATION"
9,"Friday","SANITATION"
17,"Friday","SANITATION"
9,"Friday","SANITATION"
16,"Friday","SANITATION"
14,"Monday","SANITATION"
6,"Monday","SANITATION"
13,"Monday","SANITATION"
6,"Tuesday","SANITATION"
6,"Tuesday","SANITATION"
11,"Wednesday","SANITATION"
11,"Thursday","SANITATION"
11,"Thursday","SANITATION"
10,"Thursday","SANITATION"
10,"Thursday","SANITATION"
10,"Thursday","SANITATION"
9,"Friday","SANITATION"
9,"Friday","SANITATION"
7,"Sunday","SANITATION"
7,"Monday","SANITATION"
6,"Tuesday","SANITATION"
5,"Tuesday","SANITATION"
5,"Tuesday","SANITATION"
5,"Tuesday","SANITATION"
5,"Tuesday","SANITATION"
4,"Thursday","SANITATION"
4,"Thursday","SANITATION"
3,"Thursday","SANITATION"
3,"Thursday","SANITATION"
130,"Monday","GROUNDS"
0,"Monday","SANITATION"
0,"Monday","SANITATION"
0,"Monday","SANITATION"
0,"Monday","SANITATION"
86,"Tuesday","GROUNDS"
0,"Tuesday","SANITATION"
0,"Wednesday","SANITATION"
1,"Wednesday","SANITATION"
1,"Wednesday","SANITATION"
7,"Wednesday","GROUNDS"
0,"Wednesday","SANITATION"
1,"Thursday","SANITATION"
0,"Thursday","SANITATION"
0,"Thursday","SANITATION"
2,"Friday","SANITATION"
2,"Friday","SANITATION"
2,"Monday","SANITATION"
0,"Monday","SANITATION"
1,"Tuesday","SANITATION"
0,"Tuesday","GROUNDS"
0,"Tuesday","GROUNDS"
12,"Tuesday","GROUNDS"
0,"Thursday","SANITATION"
76,"Friday","GROUNDS"
